名字,链接
"['Unity坐标系入门', '\n                            ', '\n                        ']","['https://www.cnblogs.com/M-Anonymous/p/16849391.html', 'https://www.cnblogs.com/M-Anonymous/']"
"['使用 StringUtils.split 的坑', '\n                            ', '\n                        ']","['https://www.cnblogs.com/niumoo/p/16849887.html', 'https://www.cnblogs.com/niumoo/']"
"['【lwip】08-ARP协议一图笔记及源码实现', '\n                            ', '\n                        ']","['https://www.cnblogs.com/lizhuming/p/16845687.html', 'https://www.cnblogs.com/lizhuming/']"
"['SIP会话发起协议 - 先知道是什么（一）', '\n                            ', '\n                        ']","['https://www.cnblogs.com/l12138h/p/16849842.html', 'https://www.cnblogs.com/l12138h/']"
['ElasticSearch之Windows中环境安装'],['https://www.cnblogs.com/qubernet/p/16849818.html']
"['聊一聊对一个 C# 商业程序的反反调试', '\n                            ', '\n                        ']","['https://www.cnblogs.com/huangxincheng/p/16849808.html', 'https://www.cnblogs.com/huangxincheng/']"
"['.NET Conf 2022 11 月 8 日至 10 日 正式开启', '\n                            ', '\n                        ']","['https://www.cnblogs.com/shanyou/p/16849802.html', 'https://www.cnblogs.com/shanyou/']"
"['图数据挖掘(一)：网络的基本概念和表示方法', '\n                            ', '\n                        ']","['https://www.cnblogs.com/orion-orion/p/16849722.html', 'https://www.cnblogs.com/orion-orion/']"
"['前后端分离项目(十):实现""改""功能(前后端)', '\n                            ', '\n                        ']","['https://www.cnblogs.com/FatTiger4399/p/16846718.html', 'https://www.cnblogs.com/FatTiger4399/']"
"['Azure DevOps Server 入门实践与安装部署', '\n                            ', '\n                        ']","['https://www.cnblogs.com/AllenMaster/p/16842466.html', 'https://www.cnblogs.com/AllenMaster/']"
"['javascript异步编程之generator(生成器函数)与asnyc/await语法糖', '\n                            ', '\n                        ']","['https://www.cnblogs.com/kspf/p/16849461.html', 'https://www.cnblogs.com/kspf/']"
"['Linux--多线程（三）', '\n                            ', '\n                        ']","['https://www.cnblogs.com/yzsn12138/p/16849298.html', 'https://www.cnblogs.com/yzsn12138/']"
"['研发效能｜DevOps 已死平台工程永存带来的焦虑', '\n                            ', '\n                        ']","['https://www.cnblogs.com/laofo/p/16849292.html', 'https://www.cnblogs.com/laofo/']"
"['优雅处理Golang中的异常', '\n                            ', '\n                        ']","['https://www.cnblogs.com/alalazy/p/16849272.html', 'https://www.cnblogs.com/alalazy/']"
"['SpringBoot 过滤器和拦截器', '\n                            ', '\n                        ']","['https://www.cnblogs.com/twilight0402/p/16849129.html', 'https://www.cnblogs.com/twilight0402/']"
"['优雅的写好Vue项目代码 — 路由拆分、Vuex模块拆分、element按需加载', '\n                            ', '\n                        ']","['https://www.cnblogs.com/echoyya/p/16726543.html', 'https://www.cnblogs.com/echoyya/']"
"['谣言检测(RDCL)——《Towards Robust False Information Detection on Social Networks with Contrastive Learning》', '\n                            ', '\n                        ']","['https://www.cnblogs.com/BlairGrowing/p/16846443.html', 'https://www.cnblogs.com/BlairGrowing/']"
"['纸牌博弈问题', '\n                            ', '\n                        ']","['https://www.cnblogs.com/greyzeng/p/16848911.html', 'https://www.cnblogs.com/greyzeng/']"
"['R数据分析：扫盲贴，什么是多重插补', '\n                            ', '\n                        ']","['https://www.cnblogs.com/Codewar/p/16848894.html', 'https://www.cnblogs.com/Codewar/']"
"['Android开发 对接微信分享SDK总结', '\n                            ', '\n                        ']","['https://www.cnblogs.com/stars-one/p/16848763.html', 'https://www.cnblogs.com/stars-one/']"
"['Unity坐标系入门', '\n                            ', '\n                        ']","['https://www.cnblogs.com/M-Anonymous/p/16849391.html', 'https://www.cnblogs.com/M-Anonymous/']"
"['使用 StringUtils.split 的坑', '\n                            ', '\n                        ']","['https://www.cnblogs.com/niumoo/p/16849887.html', 'https://www.cnblogs.com/niumoo/']"
"['【lwip】08-ARP协议一图笔记及源码实现', '\n                            ', '\n                        ']","['https://www.cnblogs.com/lizhuming/p/16845687.html', 'https://www.cnblogs.com/lizhuming/']"
"['SIP会话发起协议 - 先知道是什么（一）', '\n                            ', '\n                        ']","['https://www.cnblogs.com/l12138h/p/16849842.html', 'https://www.cnblogs.com/l12138h/']"
['ElasticSearch之Windows中环境安装'],['https://www.cnblogs.com/qubernet/p/16849818.html']
"['聊一聊对一个 C# 商业程序的反反调试', '\n                            ', '\n                        ']","['https://www.cnblogs.com/huangxincheng/p/16849808.html', 'https://www.cnblogs.com/huangxincheng/']"
"['.NET Conf 2022 11 月 8 日至 10 日 正式开启', '\n                            ', '\n                        ']","['https://www.cnblogs.com/shanyou/p/16849802.html', 'https://www.cnblogs.com/shanyou/']"
"['图数据挖掘(一)：网络的基本概念和表示方法', '\n                            ', '\n                        ']","['https://www.cnblogs.com/orion-orion/p/16849722.html', 'https://www.cnblogs.com/orion-orion/']"
"['前后端分离项目(十):实现""改""功能(前后端)', '\n                            ', '\n                        ']","['https://www.cnblogs.com/FatTiger4399/p/16846718.html', 'https://www.cnblogs.com/FatTiger4399/']"
"['Azure DevOps Server 入门实践与安装部署', '\n                            ', '\n                        ']","['https://www.cnblogs.com/AllenMaster/p/16842466.html', 'https://www.cnblogs.com/AllenMaster/']"
"['javascript异步编程之generator(生成器函数)与asnyc/await语法糖', '\n                            ', '\n                        ']","['https://www.cnblogs.com/kspf/p/16849461.html', 'https://www.cnblogs.com/kspf/']"
"['Linux--多线程（三）', '\n                            ', '\n                        ']","['https://www.cnblogs.com/yzsn12138/p/16849298.html', 'https://www.cnblogs.com/yzsn12138/']"
"['研发效能｜DevOps 已死平台工程永存带来的焦虑', '\n                            ', '\n                        ']","['https://www.cnblogs.com/laofo/p/16849292.html', 'https://www.cnblogs.com/laofo/']"
"['优雅处理Golang中的异常', '\n                            ', '\n                        ']","['https://www.cnblogs.com/alalazy/p/16849272.html', 'https://www.cnblogs.com/alalazy/']"
"['SpringBoot 过滤器和拦截器', '\n                            ', '\n                        ']","['https://www.cnblogs.com/twilight0402/p/16849129.html', 'https://www.cnblogs.com/twilight0402/']"
"['优雅的写好Vue项目代码 — 路由拆分、Vuex模块拆分、element按需加载', '\n                            ', '\n                        ']","['https://www.cnblogs.com/echoyya/p/16726543.html', 'https://www.cnblogs.com/echoyya/']"
"['谣言检测(RDCL)——《Towards Robust False Information Detection on Social Networks with Contrastive Learning》', '\n                            ', '\n                        ']","['https://www.cnblogs.com/BlairGrowing/p/16846443.html', 'https://www.cnblogs.com/BlairGrowing/']"
"['纸牌博弈问题', '\n                            ', '\n                        ']","['https://www.cnblogs.com/greyzeng/p/16848911.html', 'https://www.cnblogs.com/greyzeng/']"
"['R数据分析：扫盲贴，什么是多重插补', '\n                            ', '\n                        ']","['https://www.cnblogs.com/Codewar/p/16848894.html', 'https://www.cnblogs.com/Codewar/']"
"['Android开发 对接微信分享SDK总结', '\n                            ', '\n                        ']","['https://www.cnblogs.com/stars-one/p/16848763.html', 'https://www.cnblogs.com/stars-one/']"
"['Unity坐标系入门', '\n                            ', '\n                        ']","['https://www.cnblogs.com/M-Anonymous/p/16849391.html', 'https://www.cnblogs.com/M-Anonymous/']"
"['使用 StringUtils.split 的坑', '\n                            ', '\n                        ']","['https://www.cnblogs.com/niumoo/p/16849887.html', 'https://www.cnblogs.com/niumoo/']"
"['【lwip】08-ARP协议一图笔记及源码实现', '\n                            ', '\n                        ']","['https://www.cnblogs.com/lizhuming/p/16845687.html', 'https://www.cnblogs.com/lizhuming/']"
"['SIP会话发起协议 - 先知道是什么（一）', '\n                            ', '\n                        ']","['https://www.cnblogs.com/l12138h/p/16849842.html', 'https://www.cnblogs.com/l12138h/']"
['ElasticSearch之Windows中环境安装'],['https://www.cnblogs.com/qubernet/p/16849818.html']
"['聊一聊对一个 C# 商业程序的反反调试', '\n                            ', '\n                        ']","['https://www.cnblogs.com/huangxincheng/p/16849808.html', 'https://www.cnblogs.com/huangxincheng/']"
"['.NET Conf 2022 11 月 8 日至 10 日 正式开启', '\n                            ', '\n                        ']","['https://www.cnblogs.com/shanyou/p/16849802.html', 'https://www.cnblogs.com/shanyou/']"
"['图数据挖掘(一)：网络的基本概念和表示方法', '\n                            ', '\n                        ']","['https://www.cnblogs.com/orion-orion/p/16849722.html', 'https://www.cnblogs.com/orion-orion/']"
"['前后端分离项目(十):实现""改""功能(前后端)', '\n                            ', '\n                        ']","['https://www.cnblogs.com/FatTiger4399/p/16846718.html', 'https://www.cnblogs.com/FatTiger4399/']"
"['Azure DevOps Server 入门实践与安装部署', '\n                            ', '\n                        ']","['https://www.cnblogs.com/AllenMaster/p/16842466.html', 'https://www.cnblogs.com/AllenMaster/']"
"['javascript异步编程之generator(生成器函数)与asnyc/await语法糖', '\n                            ', '\n                        ']","['https://www.cnblogs.com/kspf/p/16849461.html', 'https://www.cnblogs.com/kspf/']"
"['Linux--多线程（三）', '\n                            ', '\n                        ']","['https://www.cnblogs.com/yzsn12138/p/16849298.html', 'https://www.cnblogs.com/yzsn12138/']"
"['研发效能｜DevOps 已死平台工程永存带来的焦虑', '\n                            ', '\n                        ']","['https://www.cnblogs.com/laofo/p/16849292.html', 'https://www.cnblogs.com/laofo/']"
"['优雅处理Golang中的异常', '\n                            ', '\n                        ']","['https://www.cnblogs.com/alalazy/p/16849272.html', 'https://www.cnblogs.com/alalazy/']"
"['SpringBoot 过滤器和拦截器', '\n                            ', '\n                        ']","['https://www.cnblogs.com/twilight0402/p/16849129.html', 'https://www.cnblogs.com/twilight0402/']"
"['优雅的写好Vue项目代码 — 路由拆分、Vuex模块拆分、element按需加载', '\n                            ', '\n                        ']","['https://www.cnblogs.com/echoyya/p/16726543.html', 'https://www.cnblogs.com/echoyya/']"
"['谣言检测(RDCL)——《Towards Robust False Information Detection on Social Networks with Contrastive Learning》', '\n                            ', '\n                        ']","['https://www.cnblogs.com/BlairGrowing/p/16846443.html', 'https://www.cnblogs.com/BlairGrowing/']"
"['纸牌博弈问题', '\n                            ', '\n                        ']","['https://www.cnblogs.com/greyzeng/p/16848911.html', 'https://www.cnblogs.com/greyzeng/']"
"['R数据分析：扫盲贴，什么是多重插补', '\n                            ', '\n                        ']","['https://www.cnblogs.com/Codewar/p/16848894.html', 'https://www.cnblogs.com/Codewar/']"
"['Android开发 对接微信分享SDK总结', '\n                            ', '\n                        ']","['https://www.cnblogs.com/stars-one/p/16848763.html', 'https://www.cnblogs.com/stars-one/']"
