一级类目,二级类目,三级类目,名字,价格,照片
一级类目,二级类目,三级类目,名字,价格,照片
一级类目,二级类目,三级类目,名字,价格,照片
一级类目,二级类目,三级类目,名字,价格,照片
"['机械设备', '机械整机']",机械整机,空压机,格素 BAE-75FC 空压机 螺杆空压机 双级变频空压机 欢迎咨询, 10000 /台,https://www.hc360.com/k3/M06/1B/89/O6L2459FD582250F213C24679F273BC9D8E.jpg..220x220a.jpg
"['机械设备', '机械整机']",机械整机,离心机,GKF卧式刮刀下卸料离心机, 44.6675万/台,https://www.hc360.com/k1/M00/2D/55/wKhQwGKxJ-OEPZlXAAAAAKsQDN0836.jpg..220x220a.jpg
"['机械设备', '机械整机']",机械整机,封口机,封口机 连续封口机 自动封口机 自动印字封口机, 1200 /台,https://www.hc360.com/m6/M02/66/46/wKhQolY8feWEP6q_AAAAACZmux4966.jpg..220x220a.jpg
"['机械设备', '机械整机']",机械整机,注塑机,注塑机/微型注塑机/小型注塑机/电动注塑机  小型注塑机, 25.0万/台,https://www.hc360.com/k2/M0F/7A/41/IB6fB34f8E17B28470449B68Cf5A63B250.jpg..220x220a.jpg
"['机械设备', '机械整机']",机械整机,研磨机,：沥青胶体研磨机  研磨机 小型研磨机 精密研磨机, 5800.0 /台,https://www.hc360.com/k3/M08/D8/22/69C46775c5eeAB487B0289F816Bc9170BAB.jpg..220x220a.jpg
"['机械设备', '机械整机']",机械整机,杀菌机,中药杜仲干燥杀菌机 当归干燥杀菌机 微波杀菌机, 12.0万/台,https://www.hc360.com/k1/M00/B9/CF/wKhQw14AahuEPi15AAAAAGw8FwE650.jpg..220x220a.jpg
"['机械设备', '机械整机']",机械整机,球磨机,中州球磨机   供应水泥球磨机   高效型球磨机   小型球磨机  球磨机厂家, 3.5万/台,https://www.hc360.com/k3/M0C/17/0E/wKhQv1jYiAWEWffNAAAAACJKgEU269.jpg..220x220a.jpg
"['机械设备', '机械整机']",机械整机,液压升降平台,「直顶液压升降平台」液压升降平台价格_液压升降平台厂家招商代理, 3.0万/台,https://www.hc360.com/k3/M07/90/9D/BPb9f2c95c99ee0669A54B3741D0c42A29e.jpg..220x220a.jpg
"['机械设备', '机械整机']",农业机械,拖拉机,泰山拖拉机 潍泰拖拉机904 拖拉机厂家 拖拉机价格 拖拉机维修, 8.8万/台,https://www.hc360.com/k2/M03/B2/41/wKhQxF3OFi-EakS0AAAAAOL9wMA047.jpg..220x220a.jpg
"['机械设备', '机械整机']",农业机械,割草机,出售侧挂式割草机 小型割草机 背负式割草机 汽油型割草机, 700 /部,https://www.hc360.com/k2/M05/86/C1/E297444B724E93CFB2A567F703D1D0D65D.jpg..220x220a.jpg
"['机械设备', '机械整机']",农业机械,碾米机,玉米碾米机 新款碾米机 碾米机图片_碾米机, 1300 /台,https://www.hc360.com/k3/M0D/30/8E/Tpd2459B36C287B9d39F21C4C9CdFFF93E.jpg..220x220a.jpg
"['机械设备', '机械整机']",农业机械,旋耕机,旋耕机厂家 旋耕机功能  农业旋耕机, 3200.0 /台,https://www.hc360.com/m8/M04/29/E5/wKhQpmC-z3CEa50vAAAAALkK2l4474.jpg..220x220a.jpg
"['机械设备', '机械整机']",农业机械,打捆机,牧草打捆机青草打捆机方捆打捆机, 4.98万/台,https://www.hc360.com/k1/M0A/42/20/1ke63B28D4CC54792C78A42A2D97C69544.jpg..220x220a.jpg
"['机械设备', '机械整机']",农业机械,饲料粉碎机,秸秆饲料粉碎机牧草饲料粉碎机农作物饲料粉碎机水产饲料粉碎机养殖饲料粉碎机, 2.58万/台,https://www.hc360.com/k3/M04/45/75/wKhQv1m3mY6EecwKAAAAAJW3MyQ082.jpg..220x220a.jpg
"['机械设备', '机械整机']",农业机械,压块机,牧草压块机  燃料压块机  压块机厂家, 8.6万/台,https://www.hc360.com/k1/M04/20/37/wKhQw2B9MsWEUKx1AAAAABV78r0324.jpg..220x220a.jpg
"['机械设备', '机械整机']",农业机械,挖坑机,挖坑机  高效率挖坑机   植树挖坑机   直销挖坑机, 3000 /台,https://www.hc360.com/k3/M0D/9A/09/wKhQx1grwtiEL59sAAAAALkrq7k226.jpg..220x220a.jpg
"['机械设备', '机械整机']",农业机械,铡草机,"新型铡草机,小型铡草机,家用铡草机,铡草机价格", 1500 /台,https://www.hc360.com/k2/M06/EE/FC/IK445C8EE7AA056E7ED71EA029F0696525.jpg..220x220a.jpg
"['机械设备', '机械整机']",包装印刷机械,贴标机,跋涉智能 快递贴标机 自动标签机 包裹面单机 包裹贴标机 纸箱贴标机 自动贴标机 快递贴标机 电商贴标机    贴标机, 1.5万/台,https://www.hc360.com/m7/M05/F5/8F/vvN39a7d0049126FE7B8Ed7E59566EFC835.jpg..220x220a.jpg
"['机械设备', '机械整机']",包装印刷机械,清洗机,清洗机厂家清洗机价格清洗机质量清洗机销售清洗机厂家清洗机价格清洗机质量清洗机销售, 3000.0 /台,https://www.hc360.com/k2/M04/FF/01/b64e3bcf00f6d1A8c7A3fd15A984b10A9d.jpg..220x220a.jpg
"['机械设备', '机械整机']",包装印刷机械,捆扎机,全自动钢筋捆扎机 钢筋捆扎机 捆扎机    钢筋捆扎机,0,https://www.hc360.com/m7/M06/DB/06/wKhQpFYfWtWEFtOvAAAAAMI8a_g276.jpg..220x220a.jpg
"['机械设备', '机械整机']",包装印刷机械,印刷机,少林机械齐全 冥币印刷机 印刷机械  新型冥币印刷机    冥币印刷机 冥币印刷机   , 3.6万/台,https://www.hc360.com/k3/M07/9E/93/wKhQx1qbp3GEZQqFAAAAADxorTY984.jpg..220x220a.jpg
"['机械设备', '机械整机']",包装印刷机械,热转印机,欧锐尔 热转印机 山东热转印机 青岛热转印机 日照热转印机 烟台热转印机 威海热转印机 质量杠杠的 我的产品发往全国, 1.2万/台,https://www.hc360.com/m6/M0E/B5/B4/wKhQolUZJACEYRWTAAAAAFS-cvc554.jpg..220x220a.jpg
"['机械设备', '机械整机']",包装印刷机械,贴合机,无缝服装贴合机、箱包贴合机 服装面料贴合机厂 服装用布料贴合机, 1.25万/台,https://www.hc360.com/k1/M06/65/B8/bh8211d2149b3dee37dbd219813450b32eF.jpg..220x220a.jpg
"['机械设备', '机械整机']",包装印刷机械,充填机,手动胶囊充填机/手工胶囊填充机 半自动胶囊灌装机/充填机, 3.65万/台,https://www.hc360.com/k1/M01/D6/3E/EyAcf526d4405fdBf5A961EE8d13EA20fE8.jpg..220x220a.jpg
"['机械设备', '机械整机']",包装印刷机械,胶印机,六色曲面胶印机价格 JYQ/BW-300型六色曲面胶印机, 10000.0 /套,https://www.hc360.com/m8/M0E/1A/9C/wKhQpmA9-m2EP1efAAAAAN_uQo0796.jpg..220x220a.jpg
"['机械设备', '机械整机']",机床,数控车床,一鼎数控  斜轨数控车床  数控车床  专用数控车床, 7500 /台,https://www.hc360.com/m7/M06/FD/C8/e7cefd0490dc832493fc1cBc15551Ad1c4.png..220x220a.png
"['机械设备', '机械整机']",机床,车床,供应精星C6车床 小型数显车床 台式车床 车床 小型车床, 7500 /台,https://www.hc360.com/k3/M0C/05/2C/wKhQv1itU5SEFIUEAAAAABQcRz4365.jpg..220x220a.jpg
"['机械设备', '机械整机']",机床,数控折弯机,45转线机 带转线电脑弹簧机 数控折弯机 电脑八爪机 弹簧机 弹簧机械 转线弹簧机 45机 卫浴挂件成型机 挂钩弹簧机, 26.8万/台,https://www.hc360.com/k3/M09/9B/9F/wKhQx1qUz3yEZmqJAAAAACRGr9g688.jpg..220x220a.jpg
"['机械设备', '机械整机']",机床,平面磨床,华东数控M71系列磨头移动平面磨床  平面磨床生产厂家 卧轴距台平面磨床  平面磨床价格  平面磨床厂家, 3.0万/定金,https://www.hc360.com/m6/M04/1B/68/wKhQomFBZ9eEcVouAAAAACcBxb8239.png..220x220a.png
"['机械设备', '机械整机']",机床,铣床,"仿形铣床,异型铣床，靠边铣床，多边铣床，圆边铣床、木工铣床", 4600 /台,https://www.hc360.com/k2/M0B/66/D1/wKhQxVj9Y_OEKUoiAAAAAKvGwb0222.jpg..220x220a.jpg
"['机械设备', '机械整机']",机床,磨床,供应磨床 大同磨床 台湾磨床, 7.3万/台,https://www.hc360.com/k1/M0E/19/6A/wKhQw1hLu2SEYQ_2AAAAAJf6qhg738.JPG..220x220a.JPG
"['机械设备', '机械整机']",机床,钻床,ZQ4113台钻 小型钻床 钻床现货 台式钻床 广东钻床攻丝两用, 1100 /台,https://www.hc360.com/k3/M00/2A/33/wKhQv1gyhnyETss1AAAAAHJ53r8438.jpg..220x220a.jpg
"['机械设备', '机械整机']",机床,镗床,科明机械镗床 数控切割  镗床价格 镗床厂家  镗床价格 欢迎致电, 100 /件,https://www.hc360.com/k3/M00/91/57/na284FDF268BD475A25F9CF67B3A994BE4.jpg..220x220a.jpg
"['机械设备', '机械整机']",机床,锯床,山东锯床，烟台锯床，锯床价格，锯床型号, 1.15万/台,https://www.hc360.com/k1/M0D/64/1B/wKhQwFzvIHuEFWNDAAAAAL2U18c309.jpg..220x220a.jpg
"['机械设备', '机械整机']",输送设备,输送机,树德DT75带式输送机 螺旋输送机辊筒输送机移动升降式皮带输送机, 1800 /台,https://www.hc360.com/k2/M03/FA/0F/dwte8648FCF4CeD70318DD371eAB44D738D.jpg..220x220a.jpg
"['机械设备', '机械整机']",输送设备,提升机,祥云斗式提升机 NE斗式提升机 提料机 物料提升机 垂直提升机  提升机NE斗式提升机, 8999.0 /台,https://www.hc360.com/m8/M00/19/F3/wfa5d40a042e2f735af03e18f4Bdd092f7.png..220x220a.png
"['机械设备', '机械整机']",输送设备,卸料器,卸料器  不锈钢卸料器 卸料器厂家 防爆卸料器 高温卸料器, 1350.0 /台,https://www.hc360.com/k1/M04/14/55/XcT65009a8f2ec99acf24ccf2c750e73e9D.jpg..220x220a.jpg
"['机械设备', '机械整机']",输送设备,排屑机,江苏机床排屑机厂家  排屑机制作  江苏排屑机施工 排屑机设计 排屑机安装电话 排屑机安装售后, 4000.0 /台,https://www.hc360.com/k3/M07/F7/C2/EnK9FD2A353A9921A04DCB0A1B426CF325B.jpg..220x220a.jpg
"['机械设备', '机械整机']",输送设备,输送线,仓库输送线、拣选输送线、分拣输送线、入库输送线带、出库输送带、库前输送线, 888.0 /个,https://www.hc360.com/m7/M03/77/A7/wKhQo1Wt2teEUaElAAAAALRBYHs133.jpg..220x220a.jpg
"['机械设备', '机械整机']",输送设备,压缩机,日立SG133BG3U/SGS550G3W 日立转子式压缩机, 1000 /台,https://www.hc360.com/m6/M0B/15/78/Cqkd187971e737eeC15F49d2009dd8B4e7C.jpg..220x220a.jpg
"['机械设备', '机械整机']",输送设备,给煤机,给煤机 给煤机结构特点 给煤机参数 给煤机直销, 2.5万/部,https://www.hc360.com/k3/M02/06/3F/wKhQv2BifrCEM4a7AAAAAOwQ968847.jpg..220x220a.jpg
"['五金工具', '五金配件']",五金配件,预埋件,河北预埋件厂家 预埋件价格 预埋件规格 保定预埋件 衡水预埋件, 3800 /吨,https://www.hc360.com/k3/M0B/46/DF/SLL5C45E57E71B544F19C4BD3C4725A8036.jpg..220x220a.jpg
"['五金工具', '五金配件']",五金配件,托辊,DTII型不锈钢槽型托辊 锥形托辊 橡胶托辊河北树德矿山设备欢迎客户咨询订购, 20 /个,https://www.hc360.com/k2/M00/2B/AD/wKhQxWEslZCETlkNAAAAAKH06dk366.jpg..220x220a.jpg
"['五金工具', '五金配件']",五金配件,管夹,采购管夹 双孔管夹 固定管夹 管夹价格, 15 /个,https://www.hc360.com/k1/M01/D5/35/9BaaF64C64994ECE99E39CF3CaF093254D.jpg..220x220a.jpg
"['五金工具', '五金配件']",五金配件,滑轮,【吉达】电缆井口滑轮 井口滑轮 井口滑轮轮报价  电缆滑轮 放线滑轮厂家 ，转向滑轮, 180.0 /个,https://www.hc360.com/k3/M05/12/28/Xda04853f1bdaab33b77E799589E9b34b0.jpg..220x220a.jpg
"['五金工具', '五金配件']",五金配件,冲压件,"五金冲压件,式冲压件,下走式冲压件,式五金冲压件,走式冲压件,", 2.9万/台,https://www.hc360.com/m4/M07/48/F5/wKhQ6VUA-p-EXaKwAAAAAEcGbZA563.jpg..220x220a.jpg
"['五金工具', '五金配件']",五金配件,起重链条,起重链条  起重链条厂家  圆环起重链条价格  圆环起重链条, 2000 /辆,https://www.hc360.com/k1/M0F/15/BB/G6f8a8a8bfa19c7a97a923b402cb4cD352.jpg..220x220a.jpg
"['五金工具', '五金配件']",五金配件,接头,若松 多款供选不锈钢变径接头价格|若松供|不锈钢变径接头价格低 气动接头 快速接头 液压接头,0,https://www.hc360.com/k3/M00/E6/D3/wKhQv1lQSF2EPwmMAAAAADpJsMk944.jpg..220x220a.jpg
"['五金工具', '五金配件']",五金配件,抱箍,多种抱箍 中式抱箍 德式抱箍 石雕抱箍 水泥杆抱箍 电话议价, 4500.0 /座,https://www.hc360.com/k1/M07/B7/A4/B661E8E7655156BE7C326C2AC850260F5C.jpg..220x220a.jpg
"['五金工具', '五金配件']",阀门,球阀,供应球阀  pp球阀 pvc球阀 塑料球阀 活接球阀 法兰式球阀 整体球阀 ABS球阀 湖南球阀 长沙球阀, 20 /个,https://www.hc360.com/m8/M06/CB/7D/wKhQpVc7Gy-EW-bUAAAAAO7zJn8448.jpg..220x220a.jpg
"['五金工具', '五金配件']",阀门,蝶阀,电动蝶阀 蝶阀 供应蝶阀 供应蝶阀, 88 /件,https://www.hc360.com/k2/M08/B6/A3/wKhQxV4DEqaESW65AAAAADKAFfk641.jpg..220x220a.jpg
"['五金工具', '五金配件']",阀门,调节阀,济南  恒春标准 调节阀  搏力谋调节阀   侧向调节阀  调节阀厂家, 2300.0 /套,https://www.hc360.com/k1/M0D/E6/FE/mq1217181273393B2A461FD8ED42E0766D.jpg..220x220a.jpg
"['五金工具', '五金配件']",阀门,闸阀,沟槽闸阀_闸阀_海世闸阀_国标闸阀, 88 /件,https://www.hc360.com/k3/M09/9C/3C/wKhQv13jgzqEVM56AAAAAMsSgiA108.jpg..220x220a.jpg
"['五金工具', '五金配件']",阀门,截止阀,凯林塑业截止阀 PP截止阀 PPH截止阀 PVDF截止阀 FRPP截止阀, 100 /个,https://www.hc360.com/k3/M0B/35/B5/wKhQx2IQOleEdsZHAAAAALO9QCk806.png..220x220a.png
"['五金工具', '五金配件']",阀门,安全阀,兴霖       液压阀系列  安全阀   安全阀厂家 安全阀批发  安全阀价格, 320.0 /个,https://www.hc360.com/k3/M08/EB/70/wKhQv1kRMLiEOnfeAAAAAFXJLQY006.jpg..220x220a.jpg
"['五金工具', '五金配件']",阀门,液压阀,三洋 液压阀定做 液压阀配件 机械液压阀 液压阀厂家, 100.0 /个,https://www.hc360.com/k1/M07/90/84/wKhQwF2j6t6EGneZAAAAACVVBN4981.jpg..220x220a.jpg
"['五金工具', '五金配件']",阀门,单向阀,高压单向阀 液压单向阀 气体单向阀 止回阀 厂家 现货供应, 29.75 /件,https://www.hc360.com/k2/M07/FB/D9/vjn0ab78043C5DbC923Fa61a4800ab2035C.jpg..220x220a.jpg
"['五金工具', '五金配件']",轴承,深沟球轴承,"深沟球轴承,深沟球轴承厂家,深沟球轴承价格,深沟球轴承供应商", 80.0 /个,https://www.hc360.com/k1/M07/1E/44/wKhQwFh_La6EAd__AAAAAPKt9TY089.jpg..220x220a.jpg
"['五金工具', '五金配件']",轴承,调心滚子轴承,亿煤 轴承 滚子轴承 调心滚子轴承 推力调心滚子轴承特征, 2580 /个,https://www.hc360.com/k2/M02/16/0D/4FC3b82e5ddd7f4dCbCAfe26bA1ed34984A.jpg..220x220a.jpg
"['五金工具', '五金配件']",轴承,推力球轴承,"润煤6208 推力球轴承,推力球轴承厂家,推力球轴承价", 1800 /副,https://www.hc360.com/k3/M01/56/46/wKhQv1iDKNOENCFtAAAAALZDhME507.jpg..220x220a.jpg
"['五金工具', '五金配件']",轴承,关节轴承,"鑫煤关节轴承,关节轴承厂家,关节轴承价格,关节轴承供应商,关节轴承", 100.0 /个,https://www.hc360.com/k2/M0F/30/FE/wKhQxFh_BjWEbv2WAAAAAOoEUUQ442.jpg..220x220a.jpg
"['五金工具', '五金配件']",轴承,直线轴承,国产LM6UU 镀镍直线轴承KBS直线轴承直线轴承蓬莱价格优惠, 10 /套,https://www.hc360.com/k3/M0F/A2/32/wKhQx12xe8GEI34zAAAAANGXBsA606.jpg..220x220a.jpg
"['五金工具', '五金配件']",轴承,推力滚子轴承,NSK推力滚子轴承 进口推力滚子轴承NSK推力滚子轴承 NSK推力滚子轴承进口推力滚子轴承, 320 /套,https://www.hc360.com/k1/M00/89/D0/W8ff2242447859A519A5E82E356259BEEA.jpg..220x220a.jpg
"['五金工具', '五金配件']",轴承,特种轴承,ROLLWAY特种轴承、非标轴承, 4722 /件,https://www.hc360.com/k3/M0B/D0/A9/4p3482BE5A9804B0C254FD4B0D66F6C8A8.jpg..220x220a.jpg
"['五金工具', '五金配件']",轴承,滑动轴承,GGB滑动轴承2025DU, 1005 /件,https://www.hc360.com/k2/M00/7C/E5/wKhQxV0ITP-EN_w0AAAAANNhLKw789.jpg..220x220a.jpg
"['五金工具', '五金配件']",紧固件/连接件,螺栓,【贝栓】螺栓 螺栓厂家 螺栓批发 螺栓价格  南京螺栓, 0.1 /个,https://www.hc360.com/m1/M00/9A/D2/wKhQcFRRpF-EU-xrAAAAAE5OWLU786.jpg..220x220a.jpg
"['五金工具', '五金配件']",紧固件/连接件,螺母,"螺母,螺母   ,螺母现货供应,螺母供应商,螺母", 55 /个,https://www.hc360.com/k1/M0F/9F/AF/Gg20dc923AAF606A40F8c3c88F54cA6006.jpg..220x220a.jpg
"['五金工具', '五金配件']",紧固件/连接件,螺丝,防盗螺丝 粤螺特殊螺丝 台阶螺丝 深圳内牙螺丝, 0.25 /个,https://www.hc360.com/m8/M00/0B/41/wKhQpl_bIMqEF1ffAAAAAHis5mI576.jpg..220x220a.jpg
"['五金工具', '五金配件']",紧固件/连接件,挡圈,青岛挡圈、弹性挡圈、挡圈, 21 /件,https://www.hc360.com/k1/M0B/6E/CC/wKhQw1nwwHqERJK2AAAAAFjeOho492.jpg..220x220a.jpg
"['五金工具', '五金配件']",紧固件/连接件,角件,华电角件定做角件钢制角件设备集装箱角件, 580 /件,https://www.hc360.com/m7/M00/23/88/wKhQpGI5HrOEbZ_LAAAAAIkjYEM662.jpg..220x220a.jpg
"['五金工具', '五金配件']",紧固件/连接件,栓钉,泓顺迪栓钉 焊钉剪力钉 圆柱头焊钉  钢结构楼承板抗剪栓钉, 3.0 /个,https://www.hc360.com/k1/M00/25/67/wKhQwGI4IPGELsUPAAAAAMMU7-4305.jpg..220x220a.jpg
"['五金工具', '五金配件']",紧固件/连接件,铆钉,鸿河机械φ16  φ20桥梁铆钉，铆钉价格，铆钉规格表，铆钉批发，环槽铆钉，哈克钉，机械用铆钉, 5.8 /套,https://www.hc360.com/m8/M0F/67/4F/wKhQplVusguEBg2iAAAAAAEAcqo576.jpg..220x220a.jpg
"['五金工具', '五金配件']",紧固件/连接件,卡簧,长虹弹簧 磁极卡簧 卡簧原理卡簧质量可靠, 2 /个,https://www.hc360.com/k1/M03/0B/9F/b6l4eed0d45b563556d7325e8F1253b2deA.jpg..220x220a.jpg
"['五金工具', '五金配件']",刀具/夹具,钻头,台湾台神钻头，MMC钻头，TAISHIN钻头，神钢钻头, 5 /支,https://www.hc360.com/k2/M0E/E6/38/wKhQxFlB97mED4gRAAAAAIsIk2I223.jpg..220x220a.jpg
"['五金工具', '五金配件']",刀具/夹具,开孔器,鑫隆XL-900 液压开孔器 液压分离式开孔器 手动凹凸模具开孔器 钢板开孔器, 60 /个,https://www.hc360.com/m7/M0D/5F/8B/wKhQo2G4JH6EcFlHAAAAACYVikA584.jpg..220x220a.jpg
"['五金工具', '五金配件']",刀具/夹具,拉刀,精密拉刀     ***拉刀      组合拉刀, 20 /个,https://www.hc360.com/k1/M0C/B3/C3/wKhQwFrENrOEKWFlAAAAABlYRKo372.jpg..220x220a.jpg
"['五金工具', '五金配件']",刀具/夹具,机用刀片,机用刀片 冶金机械机用刀片 切草机刀片 融旺机械, 450.0 /片,https://www.hc360.com/k2/M05/BB/09/5kw418CF4C6F98819883DAF478ADD7C7D7C.jpg..220x220a.jpg
"['五金工具', '五金配件']",刀具/夹具,夹头,供应气保护夹头 拉弧夹头 拉弧焊钉夹头 DA夹头 短周期拉弧夹头 ISO13918气保护拉弧钉夹头,0,https://www.hc360.com/k2/M01/08/66/wKhQxV_fUduEZv7wAAAAAGNHCzI659.jpg..220x220a.jpg
"['五金工具', '五金配件']",刀具/夹具,车刀,"车刀,车刀片,成型车刀",0,https://www.hc360.com/05/busin/157/620/l/l_05-157620935.jpg..220x220a.jpg
"['五金工具', '五金配件']",刀具/夹具,冲头,精密冲头  高速钢冲头, 45 /支,https://www.hc360.com/k2/M02/8C/EC/ga5a7bcd949b4dee8545d83c1b39521949.jpg..220x220a.jpg
"['建材家装', '陶瓷卫浴']",地板,防静电地板,【星鸿 防静电地板  】陶瓷防静电地板，防静电地板 ，瓷砖防静电地板 ，防静电地板 ，防静电地板, 70 /平方米,https://www.hc360.com/m7/M00/ED/A6/esb1b47e5077bCFbC7D49867D4167F7340.jpg..220x220a.jpg
"['建材家装', '陶瓷卫浴']",地板,实木地板,实木地板_实木地板价格_实木地板批发_实木地板厂家 _北京中体奥森, 390.0 /平方米,https://www.hc360.com/k3/M02/C8/C2/aFL8adF56F7CB666C620223F6a4549a2EE0.jpg..220x220a.jpg
"['建材家装', '陶瓷卫浴']",地板,复合地板,舒畅  河南复合地板 强化复合地板批发 多层实木复合地板, 33 /平方,https://www.hc360.com/k3/M08/EF/D5/OWF1da2f442a37527B2B7543BC950dE114E.jpg..220x220a.jpg
"['机械设备', '机械整机']",机械整机,空压机,格素 BAE-75FC 空压机 螺杆空压机 双级变频空压机 欢迎咨询, 10000 /台,https://www.hc360.com/k3/M06/1B/89/O6L2459FD582250F213C24679F273BC9D8E.jpg..220x220a.jpg
"['机械设备', '机械整机']",机械整机,离心机,GKF卧式刮刀下卸料离心机, 44.6675万/台,https://www.hc360.com/k1/M00/2D/55/wKhQwGKxJ-OEPZlXAAAAAKsQDN0836.jpg..220x220a.jpg
"['机械设备', '机械整机']",机械整机,封口机,封口机 连续封口机 自动封口机 自动印字封口机, 1200 /台,https://www.hc360.com/m6/M02/66/46/wKhQolY8feWEP6q_AAAAACZmux4966.jpg..220x220a.jpg
"['机械设备', '机械整机']",机械整机,注塑机,注塑机/微型注塑机/小型注塑机/电动注塑机  小型注塑机, 25.0万/台,https://www.hc360.com/k2/M0F/7A/41/IB6fB34f8E17B28470449B68Cf5A63B250.jpg..220x220a.jpg
"['机械设备', '机械整机']",机械整机,研磨机,：沥青胶体研磨机  研磨机 小型研磨机 精密研磨机, 5800.0 /台,https://www.hc360.com/k3/M08/D8/22/69C46775c5eeAB487B0289F816Bc9170BAB.jpg..220x220a.jpg
"['机械设备', '机械整机']",机械整机,杀菌机,中药杜仲干燥杀菌机 当归干燥杀菌机 微波杀菌机, 12.0万/台,https://www.hc360.com/k1/M00/B9/CF/wKhQw14AahuEPi15AAAAAGw8FwE650.jpg..220x220a.jpg
"['机械设备', '机械整机']",机械整机,球磨机,中州球磨机   供应水泥球磨机   高效型球磨机   小型球磨机  球磨机厂家, 3.5万/台,https://www.hc360.com/k3/M0C/17/0E/wKhQv1jYiAWEWffNAAAAACJKgEU269.jpg..220x220a.jpg
"['机械设备', '机械整机']",机械整机,液压升降平台,「直顶液压升降平台」液压升降平台价格_液压升降平台厂家招商代理, 3.0万/台,https://www.hc360.com/k3/M07/90/9D/BPb9f2c95c99ee0669A54B3741D0c42A29e.jpg..220x220a.jpg
"['机械设备', '机械整机']",农业机械,拖拉机,泰山拖拉机 潍泰拖拉机904 拖拉机厂家 拖拉机价格 拖拉机维修, 8.8万/台,https://www.hc360.com/k2/M03/B2/41/wKhQxF3OFi-EakS0AAAAAOL9wMA047.jpg..220x220a.jpg
"['机械设备', '机械整机']",农业机械,割草机,出售侧挂式割草机 小型割草机 背负式割草机 汽油型割草机, 700 /部,https://www.hc360.com/k2/M05/86/C1/E297444B724E93CFB2A567F703D1D0D65D.jpg..220x220a.jpg
"['机械设备', '机械整机']",农业机械,碾米机,玉米碾米机 新款碾米机 碾米机图片_碾米机, 1300 /台,https://www.hc360.com/k3/M0D/30/8E/Tpd2459B36C287B9d39F21C4C9CdFFF93E.jpg..220x220a.jpg
"['机械设备', '机械整机']",农业机械,旋耕机,旋耕机厂家 旋耕机功能  农业旋耕机, 3200.0 /台,https://www.hc360.com/m8/M04/29/E5/wKhQpmC-z3CEa50vAAAAALkK2l4474.jpg..220x220a.jpg
"['机械设备', '机械整机']",农业机械,打捆机,牧草打捆机青草打捆机方捆打捆机, 4.98万/台,https://www.hc360.com/k1/M0A/42/20/1ke63B28D4CC54792C78A42A2D97C69544.jpg..220x220a.jpg
"['机械设备', '机械整机']",农业机械,饲料粉碎机,秸秆饲料粉碎机牧草饲料粉碎机农作物饲料粉碎机水产饲料粉碎机养殖饲料粉碎机, 2.58万/台,https://www.hc360.com/k3/M04/45/75/wKhQv1m3mY6EecwKAAAAAJW3MyQ082.jpg..220x220a.jpg
"['机械设备', '机械整机']",农业机械,压块机,牧草压块机  燃料压块机  压块机厂家, 8.6万/台,https://www.hc360.com/k1/M04/20/37/wKhQw2B9MsWEUKx1AAAAABV78r0324.jpg..220x220a.jpg
"['机械设备', '机械整机']",农业机械,挖坑机,挖坑机  高效率挖坑机   植树挖坑机   直销挖坑机, 3000 /台,https://www.hc360.com/k3/M0D/9A/09/wKhQx1grwtiEL59sAAAAALkrq7k226.jpg..220x220a.jpg
"['机械设备', '机械整机']",农业机械,铡草机,"新型铡草机,小型铡草机,家用铡草机,铡草机价格", 1500 /台,https://www.hc360.com/k2/M06/EE/FC/IK445C8EE7AA056E7ED71EA029F0696525.jpg..220x220a.jpg
"['机械设备', '机械整机']",包装印刷机械,贴标机,跋涉智能 快递贴标机 自动标签机 包裹面单机 包裹贴标机 纸箱贴标机 自动贴标机 快递贴标机 电商贴标机    贴标机, 1.5万/台,https://www.hc360.com/m7/M05/F5/8F/vvN39a7d0049126FE7B8Ed7E59566EFC835.jpg..220x220a.jpg
"['机械设备', '机械整机']",包装印刷机械,清洗机,清洗机厂家清洗机价格清洗机质量清洗机销售清洗机厂家清洗机价格清洗机质量清洗机销售, 3000.0 /台,https://www.hc360.com/k2/M04/FF/01/b64e3bcf00f6d1A8c7A3fd15A984b10A9d.jpg..220x220a.jpg
"['机械设备', '机械整机']",包装印刷机械,捆扎机,全自动钢筋捆扎机 钢筋捆扎机 捆扎机    钢筋捆扎机,0,https://www.hc360.com/m7/M06/DB/06/wKhQpFYfWtWEFtOvAAAAAMI8a_g276.jpg..220x220a.jpg
"['机械设备', '机械整机']",包装印刷机械,印刷机,少林机械齐全 冥币印刷机 印刷机械  新型冥币印刷机    冥币印刷机 冥币印刷机   , 3.6万/台,https://www.hc360.com/k3/M07/9E/93/wKhQx1qbp3GEZQqFAAAAADxorTY984.jpg..220x220a.jpg
"['机械设备', '机械整机']",包装印刷机械,热转印机,欧锐尔 热转印机 山东热转印机 青岛热转印机 日照热转印机 烟台热转印机 威海热转印机 质量杠杠的 我的产品发往全国, 1.2万/台,https://www.hc360.com/m6/M0E/B5/B4/wKhQolUZJACEYRWTAAAAAFS-cvc554.jpg..220x220a.jpg
"['机械设备', '机械整机']",包装印刷机械,贴合机,无缝服装贴合机、箱包贴合机 服装面料贴合机厂 服装用布料贴合机, 1.25万/台,https://www.hc360.com/k1/M06/65/B8/bh8211d2149b3dee37dbd219813450b32eF.jpg..220x220a.jpg
"['机械设备', '机械整机']",包装印刷机械,充填机,手动胶囊充填机/手工胶囊填充机 半自动胶囊灌装机/充填机, 3.65万/台,https://www.hc360.com/k1/M01/D6/3E/EyAcf526d4405fdBf5A961EE8d13EA20fE8.jpg..220x220a.jpg
"['机械设备', '机械整机']",包装印刷机械,胶印机,六色曲面胶印机价格 JYQ/BW-300型六色曲面胶印机, 10000.0 /套,https://www.hc360.com/m8/M0E/1A/9C/wKhQpmA9-m2EP1efAAAAAN_uQo0796.jpg..220x220a.jpg
"['机械设备', '机械整机']",机床,数控车床,一鼎数控  斜轨数控车床  数控车床  专用数控车床, 7500 /台,https://www.hc360.com/m7/M06/FD/C8/e7cefd0490dc832493fc1cBc15551Ad1c4.png..220x220a.png
"['机械设备', '机械整机']",机床,车床,供应精星C6车床 小型数显车床 台式车床 车床 小型车床, 7500 /台,https://www.hc360.com/k3/M0C/05/2C/wKhQv1itU5SEFIUEAAAAABQcRz4365.jpg..220x220a.jpg
"['机械设备', '机械整机']",机床,数控折弯机,45转线机 带转线电脑弹簧机 数控折弯机 电脑八爪机 弹簧机 弹簧机械 转线弹簧机 45机 卫浴挂件成型机 挂钩弹簧机, 26.8万/台,https://www.hc360.com/k3/M09/9B/9F/wKhQx1qUz3yEZmqJAAAAACRGr9g688.jpg..220x220a.jpg
"['机械设备', '机械整机']",机床,平面磨床,华东数控M71系列磨头移动平面磨床  平面磨床生产厂家 卧轴距台平面磨床  平面磨床价格  平面磨床厂家, 3.0万/定金,https://www.hc360.com/m6/M04/1B/68/wKhQomFBZ9eEcVouAAAAACcBxb8239.png..220x220a.png
"['机械设备', '机械整机']",机床,铣床,"仿形铣床,异型铣床，靠边铣床，多边铣床，圆边铣床、木工铣床", 4600 /台,https://www.hc360.com/k2/M0B/66/D1/wKhQxVj9Y_OEKUoiAAAAAKvGwb0222.jpg..220x220a.jpg
"['机械设备', '机械整机']",机床,磨床,供应磨床 大同磨床 台湾磨床, 7.3万/台,https://www.hc360.com/k1/M0E/19/6A/wKhQw1hLu2SEYQ_2AAAAAJf6qhg738.JPG..220x220a.JPG
"['机械设备', '机械整机']",机床,钻床,ZQ4113台钻 小型钻床 钻床现货 台式钻床 广东钻床攻丝两用, 1100 /台,https://www.hc360.com/k3/M00/2A/33/wKhQv1gyhnyETss1AAAAAHJ53r8438.jpg..220x220a.jpg
"['机械设备', '机械整机']",机床,镗床,科明机械镗床 数控切割  镗床价格 镗床厂家  镗床价格 欢迎致电, 100 /件,https://www.hc360.com/k3/M00/91/57/na284FDF268BD475A25F9CF67B3A994BE4.jpg..220x220a.jpg
"['机械设备', '机械整机']",机床,锯床,山东锯床，烟台锯床，锯床价格，锯床型号, 1.15万/台,https://www.hc360.com/k1/M0D/64/1B/wKhQwFzvIHuEFWNDAAAAAL2U18c309.jpg..220x220a.jpg
"['机械设备', '机械整机']",输送设备,输送机,树德DT75带式输送机 螺旋输送机辊筒输送机移动升降式皮带输送机, 1800 /台,https://www.hc360.com/k2/M03/FA/0F/dwte8648FCF4CeD70318DD371eAB44D738D.jpg..220x220a.jpg
"['机械设备', '机械整机']",输送设备,提升机,祥云斗式提升机 NE斗式提升机 提料机 物料提升机 垂直提升机  提升机NE斗式提升机, 8999.0 /台,https://www.hc360.com/m8/M00/19/F3/wfa5d40a042e2f735af03e18f4Bdd092f7.png..220x220a.png
"['机械设备', '机械整机']",输送设备,卸料器,卸料器  不锈钢卸料器 卸料器厂家 防爆卸料器 高温卸料器, 1350.0 /台,https://www.hc360.com/k1/M04/14/55/XcT65009a8f2ec99acf24ccf2c750e73e9D.jpg..220x220a.jpg
"['机械设备', '机械整机']",输送设备,排屑机,江苏机床排屑机厂家  排屑机制作  江苏排屑机施工 排屑机设计 排屑机安装电话 排屑机安装售后, 4000.0 /台,https://www.hc360.com/k3/M07/F7/C2/EnK9FD2A353A9921A04DCB0A1B426CF325B.jpg..220x220a.jpg
"['机械设备', '机械整机']",输送设备,输送线,仓库输送线、拣选输送线、分拣输送线、入库输送线带、出库输送带、库前输送线, 888.0 /个,https://www.hc360.com/m7/M03/77/A7/wKhQo1Wt2teEUaElAAAAALRBYHs133.jpg..220x220a.jpg
"['机械设备', '机械整机']",输送设备,压缩机,日立SG133BG3U/SGS550G3W 日立转子式压缩机, 1000 /台,https://www.hc360.com/m6/M0B/15/78/Cqkd187971e737eeC15F49d2009dd8B4e7C.jpg..220x220a.jpg
"['机械设备', '机械整机']",输送设备,给煤机,给煤机 给煤机结构特点 给煤机参数 给煤机直销, 2.5万/部,https://www.hc360.com/k3/M02/06/3F/wKhQv2BifrCEM4a7AAAAAOwQ968847.jpg..220x220a.jpg
"['五金工具', '五金配件']",五金配件,预埋件,河北预埋件厂家 预埋件价格 预埋件规格 保定预埋件 衡水预埋件, 3800 /吨,https://www.hc360.com/k3/M0B/46/DF/SLL5C45E57E71B544F19C4BD3C4725A8036.jpg..220x220a.jpg
"['五金工具', '五金配件']",五金配件,托辊,DTII型不锈钢槽型托辊 锥形托辊 橡胶托辊河北树德矿山设备欢迎客户咨询订购, 20 /个,https://www.hc360.com/k2/M00/2B/AD/wKhQxWEslZCETlkNAAAAAKH06dk366.jpg..220x220a.jpg
"['五金工具', '五金配件']",五金配件,管夹,采购管夹 双孔管夹 固定管夹 管夹价格, 15 /个,https://www.hc360.com/k1/M01/D5/35/9BaaF64C64994ECE99E39CF3CaF093254D.jpg..220x220a.jpg
"['五金工具', '五金配件']",五金配件,滑轮,【吉达】电缆井口滑轮 井口滑轮 井口滑轮轮报价  电缆滑轮 放线滑轮厂家 ，转向滑轮, 180.0 /个,https://www.hc360.com/k3/M05/12/28/Xda04853f1bdaab33b77E799589E9b34b0.jpg..220x220a.jpg
"['五金工具', '五金配件']",五金配件,冲压件,"五金冲压件,式冲压件,下走式冲压件,式五金冲压件,走式冲压件,", 2.9万/台,https://www.hc360.com/m4/M07/48/F5/wKhQ6VUA-p-EXaKwAAAAAEcGbZA563.jpg..220x220a.jpg
"['五金工具', '五金配件']",五金配件,起重链条,起重链条  起重链条厂家  圆环起重链条价格  圆环起重链条, 2000 /辆,https://www.hc360.com/k1/M0F/15/BB/G6f8a8a8bfa19c7a97a923b402cb4cD352.jpg..220x220a.jpg
"['五金工具', '五金配件']",五金配件,接头,若松 多款供选不锈钢变径接头价格|若松供|不锈钢变径接头价格低 气动接头 快速接头 液压接头,0,https://www.hc360.com/k3/M00/E6/D3/wKhQv1lQSF2EPwmMAAAAADpJsMk944.jpg..220x220a.jpg
"['五金工具', '五金配件']",五金配件,抱箍,多种抱箍 中式抱箍 德式抱箍 石雕抱箍 水泥杆抱箍 电话议价, 4500.0 /座,https://www.hc360.com/k1/M07/B7/A4/B661E8E7655156BE7C326C2AC850260F5C.jpg..220x220a.jpg
"['五金工具', '五金配件']",阀门,球阀,供应球阀  pp球阀 pvc球阀 塑料球阀 活接球阀 法兰式球阀 整体球阀 ABS球阀 湖南球阀 长沙球阀, 20 /个,https://www.hc360.com/m8/M06/CB/7D/wKhQpVc7Gy-EW-bUAAAAAO7zJn8448.jpg..220x220a.jpg
"['五金工具', '五金配件']",阀门,蝶阀,电动蝶阀 蝶阀 供应蝶阀 供应蝶阀, 88 /件,https://www.hc360.com/k2/M08/B6/A3/wKhQxV4DEqaESW65AAAAADKAFfk641.jpg..220x220a.jpg
"['五金工具', '五金配件']",阀门,调节阀,济南  恒春标准 调节阀  搏力谋调节阀   侧向调节阀  调节阀厂家, 2300.0 /套,https://www.hc360.com/k1/M0D/E6/FE/mq1217181273393B2A461FD8ED42E0766D.jpg..220x220a.jpg
"['五金工具', '五金配件']",阀门,闸阀,沟槽闸阀_闸阀_海世闸阀_国标闸阀, 88 /件,https://www.hc360.com/k3/M09/9C/3C/wKhQv13jgzqEVM56AAAAAMsSgiA108.jpg..220x220a.jpg
"['五金工具', '五金配件']",阀门,截止阀,凯林塑业截止阀 PP截止阀 PPH截止阀 PVDF截止阀 FRPP截止阀, 100 /个,https://www.hc360.com/k3/M0B/35/B5/wKhQx2IQOleEdsZHAAAAALO9QCk806.png..220x220a.png
"['五金工具', '五金配件']",阀门,安全阀,兴霖       液压阀系列  安全阀   安全阀厂家 安全阀批发  安全阀价格, 320.0 /个,https://www.hc360.com/k3/M08/EB/70/wKhQv1kRMLiEOnfeAAAAAFXJLQY006.jpg..220x220a.jpg
"['五金工具', '五金配件']",阀门,液压阀,三洋 液压阀定做 液压阀配件 机械液压阀 液压阀厂家, 100.0 /个,https://www.hc360.com/k1/M07/90/84/wKhQwF2j6t6EGneZAAAAACVVBN4981.jpg..220x220a.jpg
"['五金工具', '五金配件']",阀门,单向阀,高压单向阀 液压单向阀 气体单向阀 止回阀 厂家 现货供应, 29.75 /件,https://www.hc360.com/k2/M07/FB/D9/vjn0ab78043C5DbC923Fa61a4800ab2035C.jpg..220x220a.jpg
"['五金工具', '五金配件']",轴承,深沟球轴承,"深沟球轴承,深沟球轴承厂家,深沟球轴承价格,深沟球轴承供应商", 80.0 /个,https://www.hc360.com/k1/M07/1E/44/wKhQwFh_La6EAd__AAAAAPKt9TY089.jpg..220x220a.jpg
"['五金工具', '五金配件']",轴承,调心滚子轴承,亿煤 轴承 滚子轴承 调心滚子轴承 推力调心滚子轴承特征, 2580 /个,https://www.hc360.com/k2/M02/16/0D/4FC3b82e5ddd7f4dCbCAfe26bA1ed34984A.jpg..220x220a.jpg
"['五金工具', '五金配件']",轴承,推力球轴承,"润煤6208 推力球轴承,推力球轴承厂家,推力球轴承价", 1800 /副,https://www.hc360.com/k3/M01/56/46/wKhQv1iDKNOENCFtAAAAALZDhME507.jpg..220x220a.jpg
"['五金工具', '五金配件']",轴承,关节轴承,"鑫煤关节轴承,关节轴承厂家,关节轴承价格,关节轴承供应商,关节轴承", 100.0 /个,https://www.hc360.com/k2/M0F/30/FE/wKhQxFh_BjWEbv2WAAAAAOoEUUQ442.jpg..220x220a.jpg
"['五金工具', '五金配件']",轴承,直线轴承,国产LM6UU 镀镍直线轴承KBS直线轴承直线轴承蓬莱价格优惠, 10 /套,https://www.hc360.com/k3/M0F/A2/32/wKhQx12xe8GEI34zAAAAANGXBsA606.jpg..220x220a.jpg
"['五金工具', '五金配件']",轴承,推力滚子轴承,NSK推力滚子轴承 进口推力滚子轴承NSK推力滚子轴承 NSK推力滚子轴承进口推力滚子轴承, 320 /套,https://www.hc360.com/k1/M00/89/D0/W8ff2242447859A519A5E82E356259BEEA.jpg..220x220a.jpg
"['五金工具', '五金配件']",轴承,特种轴承,ROLLWAY特种轴承、非标轴承, 4722 /件,https://www.hc360.com/k3/M0B/D0/A9/4p3482BE5A9804B0C254FD4B0D66F6C8A8.jpg..220x220a.jpg
"['五金工具', '五金配件']",轴承,滑动轴承,GGB滑动轴承2025DU, 1005 /件,https://www.hc360.com/k2/M00/7C/E5/wKhQxV0ITP-EN_w0AAAAANNhLKw789.jpg..220x220a.jpg
"['五金工具', '五金配件']",紧固件/连接件,螺栓,【贝栓】螺栓 螺栓厂家 螺栓批发 螺栓价格  南京螺栓, 0.1 /个,https://www.hc360.com/m1/M00/9A/D2/wKhQcFRRpF-EU-xrAAAAAE5OWLU786.jpg..220x220a.jpg
"['五金工具', '五金配件']",紧固件/连接件,螺母,"螺母,螺母   ,螺母现货供应,螺母供应商,螺母", 55 /个,https://www.hc360.com/k1/M0F/9F/AF/Gg20dc923AAF606A40F8c3c88F54cA6006.jpg..220x220a.jpg
"['五金工具', '五金配件']",紧固件/连接件,螺丝,防盗螺丝 粤螺特殊螺丝 台阶螺丝 深圳内牙螺丝, 0.25 /个,https://www.hc360.com/m8/M00/0B/41/wKhQpl_bIMqEF1ffAAAAAHis5mI576.jpg..220x220a.jpg
"['五金工具', '五金配件']",紧固件/连接件,挡圈,青岛挡圈、弹性挡圈、挡圈, 21 /件,https://www.hc360.com/k1/M0B/6E/CC/wKhQw1nwwHqERJK2AAAAAFjeOho492.jpg..220x220a.jpg
"['五金工具', '五金配件']",紧固件/连接件,角件,华电角件定做角件钢制角件设备集装箱角件, 580 /件,https://www.hc360.com/m7/M00/23/88/wKhQpGI5HrOEbZ_LAAAAAIkjYEM662.jpg..220x220a.jpg
"['五金工具', '五金配件']",紧固件/连接件,栓钉,泓顺迪栓钉 焊钉剪力钉 圆柱头焊钉  钢结构楼承板抗剪栓钉, 3.0 /个,https://www.hc360.com/k1/M00/25/67/wKhQwGI4IPGELsUPAAAAAMMU7-4305.jpg..220x220a.jpg
"['五金工具', '五金配件']",紧固件/连接件,铆钉,鸿河机械φ16  φ20桥梁铆钉，铆钉价格，铆钉规格表，铆钉批发，环槽铆钉，哈克钉，机械用铆钉, 5.8 /套,https://www.hc360.com/m8/M0F/67/4F/wKhQplVusguEBg2iAAAAAAEAcqo576.jpg..220x220a.jpg
"['五金工具', '五金配件']",紧固件/连接件,卡簧,长虹弹簧 磁极卡簧 卡簧原理卡簧质量可靠, 2 /个,https://www.hc360.com/k1/M03/0B/9F/b6l4eed0d45b563556d7325e8F1253b2deA.jpg..220x220a.jpg
"['五金工具', '五金配件']",刀具/夹具,钻头,台湾台神钻头，MMC钻头，TAISHIN钻头，神钢钻头, 5 /支,https://www.hc360.com/k2/M0E/E6/38/wKhQxFlB97mED4gRAAAAAIsIk2I223.jpg..220x220a.jpg
"['五金工具', '五金配件']",刀具/夹具,开孔器,鑫隆XL-900 液压开孔器 液压分离式开孔器 手动凹凸模具开孔器 钢板开孔器, 60 /个,https://www.hc360.com/m7/M0D/5F/8B/wKhQo2G4JH6EcFlHAAAAACYVikA584.jpg..220x220a.jpg
"['五金工具', '五金配件']",刀具/夹具,拉刀,精密拉刀     ***拉刀      组合拉刀, 20 /个,https://www.hc360.com/k1/M0C/B3/C3/wKhQwFrENrOEKWFlAAAAABlYRKo372.jpg..220x220a.jpg
"['五金工具', '五金配件']",刀具/夹具,机用刀片,机用刀片 冶金机械机用刀片 切草机刀片 融旺机械, 450.0 /片,https://www.hc360.com/k2/M05/BB/09/5kw418CF4C6F98819883DAF478ADD7C7D7C.jpg..220x220a.jpg
"['五金工具', '五金配件']",刀具/夹具,夹头,供应气保护夹头 拉弧夹头 拉弧焊钉夹头 DA夹头 短周期拉弧夹头 ISO13918气保护拉弧钉夹头,0,https://www.hc360.com/k2/M01/08/66/wKhQxV_fUduEZv7wAAAAAGNHCzI659.jpg..220x220a.jpg
"['五金工具', '五金配件']",刀具/夹具,车刀,"车刀,车刀片,成型车刀",0,https://www.hc360.com/05/busin/157/620/l/l_05-157620935.jpg..220x220a.jpg
"['五金工具', '五金配件']",刀具/夹具,冲头,精密冲头  高速钢冲头, 45 /支,https://www.hc360.com/k2/M02/8C/EC/ga5a7bcd949b4dee8545d83c1b39521949.jpg..220x220a.jpg
"['建材家装', '陶瓷卫浴']",地板,防静电地板,【星鸿 防静电地板  】陶瓷防静电地板，防静电地板 ，瓷砖防静电地板 ，防静电地板 ，防静电地板, 70 /平方米,https://www.hc360.com/m7/M00/ED/A6/esb1b47e5077bCFbC7D49867D4167F7340.jpg..220x220a.jpg
"['建材家装', '陶瓷卫浴']",地板,实木地板,实木地板_实木地板价格_实木地板批发_实木地板厂家 _北京中体奥森, 390.0 /平方米,https://www.hc360.com/k3/M02/C8/C2/aFL8adF56F7CB666C620223F6a4549a2EE0.jpg..220x220a.jpg
"['建材家装', '陶瓷卫浴']",地板,复合地板,舒畅  河南复合地板 强化复合地板批发 多层实木复合地板, 33 /平方,https://www.hc360.com/k3/M08/EF/D5/OWF1da2f442a37527B2B7543BC950dE114E.jpg..220x220a.jpg
"['建材家装', '陶瓷卫浴']",地板,橡胶地板,嘉诺   卷材橡胶地板 橡胶地板 欢迎咨询, 27 /平方米,https://www.hc360.com/k3/M08/B1/45/6nWe9402ACA5A595eAC3D296A5CA712298F.jpg..220x220a.jpg
"['建材家装', '陶瓷卫浴']",地板,实木复合地板,三层实木复合地板  四川实木复合地板厂 实木复合地板 欢迎选购, 56 /平方,https://www.hc360.com/k3/M0A/F9/36/wKhQv1_7oPCEeh4oAAAAAHPbiv8827.jpg..220x220a.jpg
"['建材家装', '陶瓷卫浴']",地板,竹地板,重竹重竹地板地板竹地板户外重竹地板公司南京木之艺, 175.0 /平方,https://www.hc360.com/k1/M0F/02/BB/wKhQwGBExvyEEJX-AAAAAMBbUHI988.jpg..220x220a.jpg
"['建材家装', '陶瓷卫浴']",地板,塑料地板,供应 鲁威塑业 养殖用注塑地板 塑料地板 塑料地板, 50.0 /个,https://www.hc360.com/m7/M0B/74/26/wKhQo1ZlOSCEetGcAAAAAKB558w490.jpg..220x220a.jpg
"['建材家装', '陶瓷卫浴']",地板,钢地板,昌茂   玻璃钢地板梁  玻璃钢地板梁厂家  养殖场玻璃钢地板梁   玻璃钢地板梁价格, 12.0 /米,https://www.hc360.com/m6/M08/76/B9/wKhQoWDn7LSEFqEzAAAAAJ9_qaw194.jpg..220x220a.jpg
"['建材家装', '陶瓷卫浴']",管材,无缝钢管,批发无缝钢管 大口径480 530 厚壁无缝钢管 流体无缝钢管 结构无缝管 保证质量, 4850 /吨,https://www.hc360.com/k1/M0F/C9/34/wKhQw151d5WEHLymAAAAAKS9wlo266.jpg..220x220a.jpg
"['建材家装', '陶瓷卫浴']",管材,不锈钢管,不锈钢管价格 奥氏体不锈钢管 铁素体不锈钢管 马氏体不锈钢管 双相不锈钢管, 11.8 /千克,https://www.hc360.com/k3/M02/2D/33/F6D85357911FDA0CC59E4ECF27244BD217.jpg..220x220a.jpg
"['建材家装', '陶瓷卫浴']",管材,螺旋管,螺旋管 云南螺旋管昆明螺旋管螺旋管价格防腐螺旋管国标螺旋管, 4100.0 /吨,https://www.hc360.com/k1/M08/2A/AD/wKhQw2DtUB-EBY3_AAAAAKi-3WM697.jpg..220x220a.jpg
"['建材家装', '陶瓷卫浴']",管材,波纹管,桥博 波纹管 金属波纹管 预应力波纹管 耐腐蚀波纹管 塑料波纹管 波纹管厂家, 480 /米,https://www.hc360.com/k1/M0C/BB/85/PR34E3137ADD074CA1910C76E4E3182F27.jpg..220x220a.jpg
"['建材家装', '陶瓷卫浴']",管材,异径管,【沧州】昊诚河北异径管 沧州异径管 盐山异径管 沧州异径管厂家, 10 /件,https://www.hc360.com/k2/M0C/F2/A5/wKhQxFsQtrWEUM8OAAAAAM2eDYI841.jpg..220x220a.jpg
"['建材家装', '陶瓷卫浴']",管材,橡胶管,河北景县真空橡胶管、 真空泵橡胶管、实验室橡胶管、 抽真空管、橡胶真空管，抽真空用橡胶管, 36.0 /米,https://www.hc360.com/k3/M0E/1A/0E/wKhQv1drk1GEKSREAAAAAN7kJzE317.jpg..220x220a.jpg
"['建材家装', '陶瓷卫浴']",管材,PPH管,PPH管价格 凯林塑业 PPH管 PPH管生产 PPH管厂家, 15 /件,https://www.hc360.com/k2/M00/35/0F/wKhQxWIQQoiEd2-AAAAAAMjXrHc896.PNG..220x220a.PNG
"['建材家装', '陶瓷卫浴']",管材,铜管,黄铜管 厚壁铜管 包塑铜管 铜管批发 铜管切割, 32 /公斤,https://www.hc360.com/k3/M07/11/02/wKhQv2DMPYKEYxQAAAAAABNTSPg712.png..220x220a.png
"['建材家装', '陶瓷卫浴']",板材,板材,大量批发PP板材 供应板材 塑料板材 PP板材 PVC板材 PE板材 ABS全新料板材 承接非标定做, 15 /公斤,https://www.hc360.com/k1/M0F/A4/73/wKhQwFqolw-EUZRXAAAAAFwAB9g922.jpg..220x220a.jpg
"['建材家装', '陶瓷卫浴']",板材,型材,专业生产铝合金型材 直销 家具型材 建筑型材 工业型材及氧化, 19.5 /千克,https://www.hc360.com/k1/M07/E5/6A/wKhQw1lE5xOER4bnAAAAAMcF4eo965.jpg..220x220a.jpg
"['建材家装', '陶瓷卫浴']",板材,缝筛板,厂家定制条缝筛板  义乌条缝筛板 条缝筛板 包边筛板 条缝筛板厂家, 568.0 /件,https://www.hc360.com/k3/M0E/85/52/wKhQx10xbBaEVCIrAAAAANtXC40590.jpg..220x220a.jpg
"['建材家装', '陶瓷卫浴']",板材,生态板,木纹封边 生态板扣条 橱柜门封边  生态板扣条 家具铝条, 1.1 /米,https://www.hc360.com/m8/M0E/BA/31/wKhQpVb1JYiEIlRvAAAAAKa8PtY141.jpg..220x220a.jpg
"['建材家装', '陶瓷卫浴']",板材,木板材,供应大量.烘干杨木板材.白椿木板材., 1860 /立方,https://www.hc360.com/m6/M06/EC/27/wKhQolbm2m2EDDHeAAAAAHPaFe0521.jpg..220x220a.jpg
"['建材家装', '陶瓷卫浴']",板材,装饰板材,"装饰板材,防水板材,装饰用板材,pp板材,装饰pp板材,防水墙面装饰", 13.5 /公斤,https://www.hc360.com/k2/M01/39/1F/TC7093ac85823ac1D1DB9B7306FBEFF929.JPG..220x220a.JPG
"['建材家装', '陶瓷卫浴']",板材,片材,SMC片材/成都BMC 片材/成都SMC片材  成都BMC片材, 7.8 /公斤,https://www.hc360.com/k3/M0F/7A/64/wKhQx10K6wmEXwG_AAAAAItJv3Q510.jpg..220x220a.jpg
"['建材家装', '陶瓷卫浴']",板材,木皮,供应浙江木皮接拼胶带  贴木皮水胶带 木皮修补胶带, 2.0 /平方米,https://www.hc360.com/m6/M0C/C2/61/wKhQolbvW1SEC1qrAAAAAEzSSQk366.jpg..220x220a.jpg
"['建材家装', '陶瓷卫浴']",陶瓷卫浴,瓷砖,鑫卓茂 瓷砖粘接剂 瓷砖粘接剂配方大全 瓷砖粘接 瓷砖粘接剂 瓷砖粘接砂浆瓷砖粘接剂价格 瓷砖粘接剂   *** 瓷砖粘接, 530 /吨,https://www.hc360.com/k1/M07/E9/35/wKhQwF-S_nSEWsLMAAAAACPgeTs266.jpg..220x220a.jpg
"['建材家装', '陶瓷卫浴']",陶瓷卫浴,仿古砖,厂家批发仿古砖 模具仿古砖 陶瓷仿古砖, 7 /片,https://www.hc360.com/k2/M0D/FF/79/wKhQxV-t5KaES6jyAAAAAP2zTZI532.jpg..220x220a.jpg
"['建材家装', '陶瓷卫浴']",陶瓷卫浴,现代砖,木质纹理瓷砖批发 现代风格瓷砖 房间木纹地砖, 9.8 /片,https://www.hc360.com/m7/M01/35/E4/wKhQo1_bJ7yEP7E2AAAAAC093s0127.jpg..220x220a.jpg
"['建材家装', '陶瓷卫浴']",陶瓷卫浴,瓷片,华雁电子瓷件 瓷片订制 工业陶瓷 陶瓷片 瓷片厂家, 10.0 /个,https://www.hc360.com/m6/M01/0D/84/wKhQomCWGpqEBcXiAAAAAF6q9bg169.jpg..220x220a.jpg
"['建材家装', '陶瓷卫浴']",陶瓷卫浴,花洒,超然洁具SE-422花洒 负离子花洒 水疗花洒 电镀花洒 喷头, 13 /个,https://www.hc360.com/k2/M03/F7/C2/wKhQxFh68_6EXCReAAAAAInpS1g543.png..220x220a.png
"['建材家装', '陶瓷卫浴']",陶瓷卫浴,浴缸,"铜浴缸价格_铜浴缸铜浴缸_欧式紫铜浴缸,酒店铜浴缸", 8000.0 /口,https://www.hc360.com/k3/M08/DB/CD/wKhQv1jR7taEJ3_cAAAAAOLZGyA549.jpg..220x220a.jpg
"['建材家装', '陶瓷卫浴']",陶瓷卫浴,浴室柜,厂家生产山东PVC浴室柜和济南橡木浴室柜   浴室柜洁具, 2000 /套,https://www.hc360.com/m8/M03/1F/F9/wKhQpVbnsLuEMMXvAAAAAE3A6rM402.jpg..220x220a.jpg
"['建材家装', '陶瓷卫浴']",陶瓷卫浴,水龙头,盛世唐朝卫浴 25007A 水龙头 面盆水龙头 单孔水龙头 酒店水龙头 工程水龙头 开平水龙头 冷热水龙头 水龙头厂家, 212 /个,https://www.hc360.com/g8/M05/E2/FE/wKhQt1P1i4WEL4f2AAAAAAJE9L8496.jpg..220x220a.jpg
"['建材家装', '陶瓷卫浴']",陶瓷卫浴,面盆,冷热面盆龙头冷热铜台下盆水龙头脸盆龙头铜冷热单孔面盆龙头, 248 /件,https://www.hc360.com/k1/M08/98/C4/wKhQwF3MxI6EM4gFAAAAAKFYPMw406.jpg..220x220a.jpg
"['建材家装', '陶瓷卫浴']",陶瓷卫浴,马桶,防撞马桶 siw防撞马桶 留防撞马桶, 3500 /平方米,https://www.hc360.com/m7/M0D/04/81/wKhQpGBZg2yET4ZeAAAAAMl1oJ4403.jpg..220x220a.jpg
"['建材家装', '陶瓷卫浴']",陶瓷卫浴,坐便器,甘肃旱坐便器、山西旱坐便器、宁夏农村坐便器 陕西, 55 /个,https://www.hc360.com/m8/M03/2F/ED/rfv2ed55ed829e077B1Bd60803F17eCFe9B.jpg..220x220a.jpg
"['建材家装', '陶瓷卫浴']",陶瓷卫浴,地漏,简塑 PVC排水方地漏 防臭地漏 预埋地漏 pvc方地漏, 1.85 /个,https://www.hc360.com/m7/M04/13/84/wKhQpFUQBfGEanwZAAAAAMnIvoU096.jpg..220x220a.jpg
"['建材家装', '陶瓷卫浴']",石材石料,路沿石,泌阳路沿石  路沿石批发   芝麻白路沿石  路沿石厂家  路沿石批发  路沿石直销  路沿石价格, 35.0 /平方米,https://www.hc360.com/k3/M00/73/7D/wKhQx1ogs2GEZILGAAAAAMezRIg378.jpg..220x220a.jpg
"['建材家装', '陶瓷卫浴']",石材石料,鹅卵石,黑色鹅卵石批发洗米石黑色鹅卵石厂家园林公园景观铺路装饰鹅卵石, 330 /吨,https://www.hc360.com/k3/M0F/2C/52/wKhQx2FutRSEXJ55AAAAAGwwoSE344.jpg..220x220a.jpg
"['建材家装', '陶瓷卫浴']",石材石料,花岗岩,泌阳 红麻花岗岩 泌阳红花岗岩 虾红花岗岩 樱花红花岗岩    英雄红花岗岩 玫瑰红花岗岩 石材花岗岩, 59 /平方米,https://www.hc360.com/k2/M06/2F/81/wKhQxGEClDCEK_9tAAAAAP0Kw5k715.jpg..220x220a.jpg
"['建材家装', '陶瓷卫浴']",石材石料,栏杆,百石汇河岸栏杆，湖边栏杆，河堤栏杆河道栏杆, 350.0 /米,https://www.hc360.com/g7/M03/02/47/wKhQs1Px3duENgK4AAAAAG4BVrs183.jpg..220x220a.jpg
"['建材家装', '陶瓷卫浴']",石材石料,卵石,鹅卵石 广东鹅卵石广东鹅卵石 广州鹅卵石 深圳鹅卵石 珠海鹅卵石 惠州鹅卵石批发, 150 /吨,https://www.hc360.com/m6/M0D/1E/AD/wKhQomGUQ0eEFeSSAAAAAMzf4sE313.jpg..220x220a.jpg
"['建材家装', '陶瓷卫浴']",石材石料,板岩,板岩  板岩介绍 河北板岩批发, 55 /平方米,https://www.hc360.com/k3/M01/9D/CF/wKhQv13p1P-EDu3VAAAAAFudl-s651.jpg..220x220a.jpg
"['建材家装', '陶瓷卫浴']",石材石料,大理石,深圳大理石|大理石批发|大理石加工|深圳大理石价格|深圳大理石矿山, 40 /平方米,https://www.hc360.com/k1/M04/CE/25/wKhQwFr1V9mEAXw-AAAAALFwT2M969.jpg..220x220a.jpg
"['建材家装', '陶瓷卫浴']",石材石料,石板材,销售青石板材 防滑拉丝青石板材 荔枝面青石板材 錾打面青石板材, 46 /平方米,https://www.hc360.com/k3/M0B/DB/57/wKhQv189y5yEZhtfAAAAAMNHW0s361.jpg..220x220a.jpg
"['节能环保', '除尘设备']",除尘设备,雾炮机,雾炮机 雾炮机环保设备   远程雾炮机 工地雾炮机 车载式雾炮机 环保雾炮机, 2500 /台,https://www.hc360.com/k1/M0C/7B/CD/C7k0b5681c8b839D74735cb44c2DF595F1D.jpg..220x220a.jpg
"['节能环保', '除尘设备']",除尘设备,除尘设备配件,除尘设备木工除尘设备 除尘设备配件 龙腾环保除尘设备实体厂家 做工精美 净化率好, 1.52万/台,https://www.hc360.com/k2/M0B/3C/6F/wKhQxGIcMvWEFZMtAAAAAGlNt7w260.jpg..220x220a.jpg
"['节能环保', '除尘设备']",除尘设备,除尘专用设备,艾礼富机械 除尘专用设备 方形脉冲除尘器 脉冲布袋除尘器 饲料除尘设备 饲料厂专用设备, 5000 /台,https://www.hc360.com/k1/M0B/EF/FE/Lvff5222a8dc958ad704295ac268aB64Ba.jpg..220x220a.jpg
"['节能环保', '除尘设备']",除尘设备,袋式除尘装置及配件,华康牌XMC袋式除尘装置及配件, 2.0万/台,https://www.hc360.com/m6/M04/EF/5D/wKhQolZNNwSES6XbAAAAACAsAJE037.jpg..220x220a.jpg
"['节能环保', '除尘设备']",除尘设备,过滤式除尘装置,SINOVAC 过滤式除尘装置, 10.0万/套,https://www.hc360.com/m6/M01/14/72/wKhQoVXlSp6ENtr6AAAAAOTuH-g654.jpg..220x220a.jpg
"['节能环保', '除尘设备']",除尘设备,静电除尘装置,静电除尘设备，静电除尘枪，离子除尘枪，静电除尘装置及配件，静电除尘, 2.3456万/套,https://www.hc360.com/k2/M04/4F/18/wKhQxFwpiWWEZsjuAAAAAAd1knw112.jpg..220x220a.jpg
"['节能环保', '除尘设备']",除尘设备,湿式除尘装置,华康 各种型号 WC型湿式除尘装置 湿式除尘器 除尘装置, 1.9万/台,https://www.hc360.com/m8/M01/2D/AF/HULe8ead72a4103f6ef0eC9a59dd15a40f2.jpg..220x220a.jpg
"['节能环保', '除尘设备']",除尘设备,水膜除尘装置,艺能 锅炉 厂家销售 水膜除尘装置 欢迎   , 9000 /台,https://www.hc360.com/k3/M0D/98/6A/wKhQv1i4xQ6ENpifAAAAAG1hgbU081.jpg..220x220a.jpg
"['节能环保', '除尘设备']",公共环卫设施,环卫垃圾桶,环卫垃圾桶 环卫垃圾桶性能  园林环卫垃圾桶种类, 120 /个,https://www.hc360.com/m6/M05/10/64/NISe487B414F3ee85062FA9B0126DB3Ce98.jpg..220x220a.jpg
"['节能环保', '除尘设备']",公共环卫设施,环保厕所,供应郑州移动厕所 临沂环保厕所 滁州环保厕所 环保厕所厂家 环保厕所价格 环保厕所销售, 7.0万/台,https://www.hc360.com/m6/M05/62/3A/wKhQoVbxA_GEN3J3AAAAABhQy74704.jpg..220x220a.jpg
"['节能环保', '除尘设备']",公共环卫设施,垃圾焚烧炉,垃圾焚烧炉 生活垃圾焚烧炉 医疗垃圾焚烧炉 工业垃圾焚烧炉 垃圾焚烧炉设备 环保垃圾焚烧炉厂家, 12.0万/台,https://www.hc360.com/k2/M0E/E8/0B/wKhQxF71Y-qEPWX1AAAAAK0jnGM186.jpg..220x220a.jpg
"['节能环保', '除尘设备']",公共环卫设施,环境卫生公共设施,来宾充电站建造 钢结构公共设施施工  五鸿钢结构, 300 /平方米,https://www.hc360.com/k1/M0D/DD/D0/9ece1ce7fa82d82fe2683c14c9B9aB5153c.jpg..220x220a.jpg
"['节能环保', '除尘设备']",公共环卫设施,捡拾器,绝缘捡拾器 绝缘捡拾器 伸缩型绝缘拾物钳 河北 恒龙电气, 400.0 /个,https://www.hc360.com/k2/M0B/8E/B9/jtdc9a5e61087e06ee6a1008a488F39105.jpg..220x220a.jpg
"['节能环保', '除尘设备']",公共环卫设施,垃圾处理机,餐余垃圾处理餐厨垃圾处理厨余垃圾处理设备南京商用垃圾处理机, 45.0万/台,https://www.hc360.com/k2/M01/A6/5B/2Hi9aed86d214131509ad12a3e4de6a99aC.jpg..220x220a.jpg
"['节能环保', '除尘设备']",公共环卫设施,垃圾处理设备,湿垃圾处理设备厨房垃圾处理设备, 10.995万/台,https://www.hc360.com/k2/M06/DE/C2/wKhQxV7q2B6EPVdUAAAAADhKTBU113.jpg..220x220a.jpg
"['节能环保', '除尘设备']",公共环卫设施,撒布机,现货撒布机 撒布机价格 撒布机批发 离心撒布机 融雪撒布机, 1.15万/台,https://www.hc360.com/k3/M08/DC/64/wKhQv19EfciEAb0aAAAAAMtvKXQ783.jpg..220x220a.jpg
"['节能环保', '除尘设备']",过滤材料,滤芯,汇发A除尘滤芯，粉房滤芯，喷涂滤芯, 130.0 /台,https://www.hc360.com/k1/M06/3E/0E/wKhQwFkdoGiEBdLJAAAAAG2r_iM177.jpg..220x220a.jpg
"['节能环保', '除尘设备']",过滤材料,防尘网,北京厂家批发防尘网 聚酯防尘网 防尘网材质 柔性防尘网  盖土防尘网, 39 /捆,https://www.hc360.com/k2/M00/91/FB/2L463EFB48CF539B2038F2A357A5C6CE35.jpg..220x220a.jpg
"['节能环保', '除尘设备']",过滤材料,滤料,供应煤滤料    煤滤料 煤滤料用途 煤滤料价格  煤颗粒滤料 粉状煤滤料, 800 /吨,https://www.hc360.com/k2/M08/69/77/tlb36DD968A41567EA003C23C93D7bD582.jpg..220x220a.jpg
"['节能环保', '除尘设备']",过滤材料,滤袋,过滤器滤袋 无纺布滤袋  尼龙滤袋 耐高温滤袋, 30 /个,https://www.hc360.com/k1/M0D/71/B8/btBF312F517B22025BB1BCFE0E35FF7424E.jpg..220x220a.jpg
"['节能环保', '除尘设备']",过滤材料,滤筒,超低排放褶皱式滤筒 踩入式滤筒 褶皱式除尘滤筒 袋改筒超低排放滤筒, 600 /只,https://www.hc360.com/k1/M03/14/E6/rN65192012fadd593122009995df1aa920.jpg..220x220a.jpg
"['节能环保', '除尘设备']",过滤材料,过滤棉,过滤棉 中效过滤棉 喷漆过滤棉 高温过滤棉 顶棚过滤棉 漆雾过滤棉厂家, 300 /卷,https://www.hc360.com/m8/M02/2D/3F/wKhQpmDmZT2ESfT2AAAAAD_8CkE410.jpg..220x220a.jpg
"['节能环保', '除尘设备']",过滤材料,滤片,不锈钢过滤片 圆形滤片, 8 /米,https://www.hc360.com/k2/M0D/FE/AF/e394f3443bfc48f053737E89f1293f69b8.jpg..220x220a.jpg
"['节能环保', '除尘设备']",过滤材料,滤网,过滤网 沟槽过滤网 小型过滤网 圆形过滤网 编织过滤网 金属过滤网 不锈钢过滤网, 2.5 /个,https://www.hc360.com/m8/M0C/2E/DC/Aw40CB8E1B6F2750A53E62493DA80FB65B.jpg..220x220a.jpg
"['节能环保', '除尘设备']",节能设备,煤棒机,正一机械煤棒机 环保煤棒机 大型煤棒机现货 自助螺旋煤棒机 节能煤棒机 全国供应 煤棒机价格 小型煤棒机, 1.2万/台,https://www.hc360.com/k1/M05/FB/8A/wKhQw1932Q6EEzjOAAAAAOr2UVw478.jpg..220x220a.jpg
"['节能环保', '除尘设备']",节能设备,节能器,节能器-山东节能器_泰安节能器, 8600.0 /台,https://www.hc360.com/k2/M08/32/59/Vjr5771a6cfdb3f3dfbaE81cE661ffc61fc.jpg..220x220a.jpg
"['节能环保', '除尘设备']",节能设备,气化器,百亚气化器厂家供应1000 2000 立方低温液体气化器   气化器价格 河北气化器厂家, 30 /立方,https://www.hc360.com/k3/M07/63/D9/wKhQx1y6kkCECVUAAAAAAEY483E731.jpg..220x220a.jpg
"['节能环保', '除尘设备']",节能设备,节水设备,康得赛特 CDST-Ⅰ型案例  节水设备现货, 2500 /部,https://www.hc360.com/k3/M0B/EE/ED/wKhQv1-8zS2ELeDFAAAAAKunpmo665.JPG..220x220a.JPG
"['节能环保', '除尘设备']",节能设备,节油器,鸣曦源头厂家供应Omoxi 超级电容-稳电升力节油器-汽车车载节油器OMO-SSTB- 质量保证 欢迎来电咨询问价, 300 /pcs,https://www.hc360.com/k3/M02/3A/0D/wKhQx2JriQGEUtF1AAAAAFvlc_g514.jpg..220x220a.jpg
"['节能环保', '除尘设备']",节能设备,节电设备,节电设备, 5200.0 /台,https://www.hc360.com/m2/M00/8E/56/wKhQcVRmsZ-EYhT8AAAAAPbo474309.jpg..220x220a.jpg
"['节能环保', '除尘设备']",节能设备,节煤设备,煤炭烘干机KN-240RD 节煤设备, 5.7万/套,https://www.hc360.com/m6/M0A/9F/A1/wKhQolZ8yJSEINx9AAAAAGXeUWI822.jpg..220x220a.jpg
"['节能环保', '除尘设备']",消音降噪设备,隔音、吸声材料,供应财富华美凹凸型隔音/吸声材料, 20 /平方米,https://www.hc360.com/k3/M01/2A/48/wKhQv1jGPKGEK_htAAAAACauw1A840.jpg..220x220a.jpg
"['节能环保', '除尘设备']",消音降噪设备,隔音罩,供应天聪隔音罩, 10000 /个,https://www.hc360.com/k2/M0E/71/AF/wKhQxFzFeaiEVmv0AAAAANIW3HU028.jpg..220x220a.jpg
"['节能环保', '除尘设备']",消音降噪设备,隔音房,中音 隔音房空调机房厂房车间隔音降噪隔音房设计施工定制厂家, 298.0 /平方米,https://www.hc360.com/k2/M0E/85/F3/5qrfdf8682b02C49Cfb7d66dEf92836C33b.jpg..220x220a.jpg
"['节能环保', '除尘设备']",消音降噪设备,隔声门,赛科  影院隔声门 软包隔声门 KTV隔声门 钢质隔声门 防火隔声门, 630 /樘,https://www.hc360.com/k2/M0B/AA/D3/c3976b9da42FF26b107891FE7E1a3a8284.jpg..220x220a.jpg
"['节能环保', '除尘设备']",消音降噪设备,交通噪声隔声屏障,雄饶 金属声屏障 降噪声屏障 交通声屏障 交通噪声隔声屏障 公路隔声屏障, 100 /平方米,https://www.hc360.com/m8/M09/33/31/wKhQpWKZb5eEaz6IAAAAAOr38tw424.jpg..220x220a.jpg
"['节能环保', '除尘设备']",消音降噪设备,消声器,协力盛 风机消声器 消声器厂家 广东消声器厂家 冷却塔消声器 排风口消声器, 800.0 /平方米,https://www.hc360.com/m8/M06/01/88/wKhQpmJT6AOEa0eKAAAAAHht9wo266.jpg..220x220a.jpg
"['节能环保', '除尘设备']",消音降噪设备,高炉煤气均压放散消声器,高炉放散消音器 高炉煤气减压阀消音器  高炉放风阀消声器,0,https://www.hc360.com/m6/M07/03/D3/wKhQomBIJ9CEDfu2AAAAABzDISA405.jpg..220x220a.jpg
"['节能环保', '除尘设备']",消音降噪设备,噪音计,供应台湾群特CENTER329噪音计  噪音计厂家, 2600.0 /个,https://www.hc360.com/k3/M05/09/61/wKhQv1ttSLCEIGfPAAAAAL5s60k954.jpg..220x220a.jpg
"['工程机械', '起重机械']",起重机械,起重机,巨鼎起重机  起重机 桥式起重机  单梁起重机  电动葫芦起重机 门式起重机,0,https://www.hc360.com/k1/M02/84/3F/PFe9e330F21Ae9C2660e945027FD7FCeFe.jpg..220x220a.jpg
"['工程机械', '起重机械']",起重机械,卷扬机,供应上威建筑卷扬机 建筑卷扬机 神威卷扬机 卷扬机厂家 调速卷扬机 神威卷扬机 卷扬机批发, 6.0万/台,https://www.hc360.com/k3/M05/F6/30/wKhQv1gf9tmERtFwAAAAAJ6T4Mk053.jpg..220x220a.jpg
"['工程机械', '起重机械']",起重机械,吊运机,小吊机百一  便携式吊运机 小型吊运机, 1660.0 /台,https://www.hc360.com/k2/M0A/52/96/wKhQxFhvDUmEHm2EAAAAAGlzDQ4161.jpg..220x220a.jpg
"['工程机械', '起重机械']",起重机械,吊车,通达吊车  吊车 吊车 重型吊车 厂家报价, 5.0万/辆,https://www.hc360.com/k3/M0E/6C/60/wKhQv10R7tuEFsyuAAAAAD1f_5A092.jpg..220x220a.jpg
"['工程机械', '起重机械']",起重机械,升降台,威龙 专业生产升降台 小型移动升降台 电动升降台 液压升降台, 8800.0 /台,https://www.hc360.com/k3/M00/43/C5/Bwe8a2EBa17B63a204090F4D22432Ca70a0.jpg..220x220a.jpg
"['工程机械', '起重机械']",起重机械,登车桥,济南钜鹏 登车桥 汽车登车桥 货车登车桥 流动式登车桥 物流登车桥 移动登车桥, 1.58万/台,https://www.hc360.com/k2/M08/05/21/wKhQxF-olvuEcN3UAAAAAF6rcKM369.jpg..220x220a.jpg
"['工程机械', '起重机械']",起重机械,起重器,永磁起重器规格 永磁起重器参数 永磁起重器货源, 1500 /台,https://www.hc360.com/k3/M01/08/02/wKhQv2BxPBaEFNuXAAAAAMLYHjw515.jpg..220x220a.jpg
"['工程机械', '起重机械']",起重机械,调节板,惠州调节板|佛山调节板|广州调节板|高度调节板厂家, 1.8万/台,https://www.hc360.com/k3/M0A/B7/4F/ipMfe2ab02cfd1cc4d60c0ecbef70ba5f95.jpg..220x220a.jpg
"['工程机械', '起重机械']",工程机械配件,链条,"NE链条,NE链条厂家,NE链条价格,NE链条供应,NE链条现货,NE链条", 7680 /个 ,https://www.hc360.com/k1/M00/2E/B8/wKhQwFiAbZqELsMyAAAAANVUnS0204.jpg..220x220a.jpg
"['工程机械', '起重机械']",工程机械配件,回转支承,厂家供应晋安单排四点接触球式回转支承（01系列）―内齿式, 2000 /套,https://www.hc360.com/k3/M07/20/B2/T8bbe0166304dC6eAC1A098C9d4861C9bb.png..220x220a.png
"['工程机械', '起重机械']",工程机械配件,斗齿,斗齿 斗齿生产商 斗齿货源 斗齿厂家 斗齿优惠, 40.0 /件,https://www.hc360.com/m8/M0E/1B/3D/K5W6329a5587c0d51a679711c93F74a6230.jpg..220x220a.jpg
"['工程机械', '起重机械']",工程机械配件,振动器,仓壁振动器 电磁仓壁振动器 电机仓壁振动器, 800 /台,https://www.hc360.com/k1/M05/5A/76/5N8a880ba965163D218780DC611b7718Fb.jpg..220x220a.jpg
"['工程机械', '起重机械']",工程机械配件,驾驶室,挖掘机驾驶室驾驶室, 1.2万/个,https://www.hc360.com/k3/M0C/C9/5D/wKhQv1rWuE2EDhRtAAAAAI-TmaU785.jpg..220x220a.jpg
"['工程机械', '起重机械']",工程机械配件,吊钩,吊钩|货钩|生产吊钩|各种型号吊钩|羊角吊钩|美式货钩/集装箱吊钩 吊钩 吊钩|货钩 20Tyoke, 9 /个,https://www.hc360.com/m8/M07/BC/A6/wKhQplcEX4qEYB_VAAAAANer-tM906.png..220x220a.png
"['工程机械', '起重机械']",工程机械配件,挖斗,价格便宜实惠斜坡挖斗 DX260挖斗 种类齐全平坡挖斗刷坡挖斗 倾斜挖斗, 1.51万/件,https://www.hc360.com/k1/M01/2D/BA/wKhQw2EUb4mEOX_EAAAAANbsDjA648.jpg..220x220a.jpg
"['工程机械', '起重机械']",工程机械配件,控制箱,防尘控制箱 工控控制箱 风机控制箱定额 伽捌, 1366.0 /个,https://www.hc360.com/k2/M08/AD/BE/JXC080e9582186D42D505D4813e0DB71C3A.jpg..220x220a.jpg
"['工程机械', '起重机械']",工程机械整机,钢筋弯曲机,凯曦 钢筋弯曲 钢筋弯曲机 钢筋弯曲机厂家 钢筋弯曲机价格, 98.0万/台,https://www.hc360.com/m8/M0E/2D/0B/wKhQpmDkEmeEDBxHAAAAAEoy3rs984.jpg..220x220a.jpg
"['工程机械', '起重机械']",工程机械整机,钢管调直机,河北钢管调直机_钢管调直机价格_钢管调直机批发, 1.2万/台,https://www.hc360.com/k2/M0C/C0/37/8C1c2f726f9625cD075B0A074E576E5D53.jpg..220x220a.jpg
"['工程机械', '起重机械']",工程机械整机,锚具,朔涵 15锚具 18锚具 22锚具 锚具厂家 锚具价格 锚具, 73.9 /套,https://www.hc360.com/m8/M01/11/D3/NLEb36c47e7718Fbc2Fc9F13FDDF00c1c8e.jpg..220x220a.jpg
"['工程机械', '起重机械']",工程机械整机,压管机,压管机，白山压管机，压管机，白城压管机, 8700.0 /台,https://www.hc360.com/k3/M08/0F/7C/i1te793e349f5ef0eD8Ae068e805542B72A.png..220x220a.png
"['工程机械', '起重机械']",工程机械整机,修复机,厂家直供巷道修复机 巷道修复机 操作简单 WPZ-45/400(A)巷道修复机, 5.4万/台,https://www.hc360.com/k2/M02/11/A1/gG70369eb55dcd2db76A476d16694A1d6b.jpg..220x220a.jpg
"['工程机械', '起重机械']",工程机械整机,绕筋机,绕筋机 自动钢筋笼机 全自动绕筋机 钢筋绕筋机 贵州绕筋机, 4000 /台,https://www.hc360.com/k3/M0F/E6/25/KQq19164cf8a5dcd4daa4dB9aca47273Efd.jpg..220x220a.jpg
"['工程机械', '起重机械']",工程机械整机,折弯机,剪板机折弯机 亚克力折弯机大型折弯机手动折弯机塑料折弯机, 1.6万/件,https://www.hc360.com/k1/M0C/11/15/wKhQwFg_zE-EEqbDAAAAAPJOz3U575.jpg..220x220a.jpg
"['工程机械', '起重机械']",工程机械整机,制管机,供应 华源 制管机 立式挤压水泥制管机 水泥制管机 水泥制管机械 立式制管机 立式水泥制管机, 1.5万/台,https://www.hc360.com/m7/M03/0C/46/hB14a9d6d01d62ab24FbE3CaC5CFE20714.jpg..220x220a.jpg
"['工程机械', '起重机械']",高空作业机械,升降机,钜鹏 升降机 垂直升降机 货物升降机 电动升降机 链条升降机 轨道升降机, 10000 /台,https://www.hc360.com/k2/M0A/00/50/wKhQxV-zIeWEcZJ2AAAAADsaLHI144.jpg..220x220a.jpg
"['工程机械', '起重机械']",高空作业机械,高空作业车,高空作业车招标升降高空作业车凯马高空作业车, 9.5万/台,https://www.hc360.com/k2/M07/10/3D/wKhQxF_kPnuEBOM3AAAAADkmj8A151.jpg..220x220a.jpg
"['工程机械', '起重机械']",高空作业机械,高空作业平台,威龙 升降高空作业平台 剪叉式高空作业平台 自行式高空作业平台, 8800 /台,https://www.hc360.com/k1/M0F/3A/EF/hm5d636deeF34C0d5CACdFC3520CAAeC31.jpg..220x220a.jpg
"['工程机械', '起重机械']",高空作业机械,液压登车桥,液压登车桥 供应登车桥 液压登车桥电话 液压登车桥固定式登车桥, 1.2万/台,https://www.hc360.com/k2/M0C/F7/3B/wKhQxF9GITuESzJEAAAAAO0fp-U974.jpg..220x220a.jpg
"['工程机械', '起重机械']",高空作业机械,施工升降机,焦作施工升降机 导轨式施工升降机 盖高楼用施工升降机, 7700 /台,https://www.hc360.com/m8/M01/07/21/eNGeb741742725C7e47A7C1A9D4C8e9632A.png..220x220a.png
"['工程机械', '起重机械']",高空作业机械,升降车,优惠升降车 优惠报价升降车, 14.8万/台,https://www.hc360.com/m8/M0E/08/DB/wKhQpV_6mZ6ERBMHAAAAAOLDbPc041.jpg..220x220a.jpg
"['工程机械', '起重机械']",高空作业机械,高处作业吊篮,江苏高处作业吊篮 高处作业吊篮厂家 高处作业吊篮价格, 9.8万/台,https://www.hc360.com/m6/M02/84/9A/wKhQoWHc_uuENpdhAAAAAPJa1EU280.jpg..220x220a.jpg
"['工程机械', '起重机械']",挖掘机械,挖掘机,小型挖掘机 挖掘机价格 液压挖掘机  挖掘机挖斗 挖掘机图片 挖掘机类型, 2.0万/台,https://www.hc360.com/k1/M0F/8B/C8/RuE5287a8c40a49401B64346B99c7005a97.jpg..220x220a.jpg
"['工程机械', '起重机械']",挖掘机械,履带挖掘机,履带挖掘机 全新大型履带挖掘机, 1.4万/台,https://www.hc360.com/k3/M0B/63/F8/wKhQv1z0zBSEZ84TAAAAAG1PHqM144.jpg..220x220a.jpg
"['工程机械', '起重机械']",挖掘机械,抓钢机,鼎东 抓钢机 莲花抓钢机 五瓣抓钢机, 2.45万/台,https://www.hc360.com/m7/M03/01/5B/mKE4BDE1A7416C2CCC59C90F1F942B428C.jpg..220x220a.jpg
"['工程机械', '起重机械']",挖掘机械,挖沟机,挖沟机 临颖挖沟机  挖沟机厂家 土地挖沟机 挖沟机价格, 1.68万/个,https://www.hc360.com/k3/M0E/BD/67/PZd4ea3d870B63a103adC8F88B54018d0a.jpg..220x220a.jpg
"['工程机械', '起重机械']",挖掘机械,校平机,校平机厂家供应 拓诚校平机, 2.5万/台,https://www.hc360.com/k2/M0A/E1/7D/wKhQxVg7gLGEXNNYAAAAAFv2L-0779.jpg..220x220a.jpg
"['工程机械', '起重机械']",挖掘机械,挖土机,三一C9系列SY850H-8挖土机 85吨挖土机 挖土机品牌 挖土机图片 挖土机价格 挖土机 买国产挖土机选三一, 50.0万/台,https://www.hc360.com/m7/M03/CD/79/wKhQpFchxsGER8llAAAAAF4W9Fc554.jpg..220x220a.jpg
"['工程机械', '起重机械']",挖掘机械,挖掘装载机,两头忙挖掘装载机QZ20-25 两头忙挖掘装载机 挖掘装载机价格, 8000.0 /台,https://www.hc360.com/k2/M0F/2A/7A/wKhQxWEbJ5uEUe31AAAAAKtvwls683.jpg..220x220a.jpg
"['家具家电', '家电设备']",厨卫电器,洗碗机,弘信洗碗机  洗碗机厂家 二手洗碗机回收 洗碗机报价 洗碗机图片, 1.2万/套,https://www.hc360.com/k1/M03/32/EE/G7j949e786960f768A1C13C8D60f8A27e69.jpg..220x220a.jpg
"['家具家电', '家电设备']",厨卫电器,电热水器,"供应广东电热水器,快热式电热水器，专业生产电热水器",0,https://www.hc360.com/m7/M04/7B/3B/wKhQo1dFpJWEAowcAAAAAEM-kq8110.jpg..220x220a.jpg
"['家具家电', '家电设备']",厨卫电器,燃气灶具,金雅典JZY-KG8022 灶具  燃气灶具, 2280 /台,https://www.hc360.com/m8/M0C/22/26/wKhQpWEEqn2EP3sCAAAAAKs7VUs058.jpg..220x220a.jpg
"['家具家电', '家电设备']",厨卫电器,换气扇,A旋鼎供应无动力换气扇 500无动力换气扇 600型无动力换气扇价格, 158 /台,https://www.hc360.com/k1/M0C/B7/6A/zbf6aaf97facb6dec54658dac4c7fc1687.jpg..220x220a.jpg
"['家具家电', '家电设备']",厨卫电器,排气扇,金光集团 排气扇 工业排气扇  大型工业排气扇, 300 /台,https://www.hc360.com/k2/M0C/93/E7/wKhQxV1cmvKEMeMTAAAAAJASO7I976.jpg..220x220a.jpg
"['家具家电', '家电设备']",厨卫电器,电热水龙头,电热水龙头温度控制板低压注塑模具及胶料, 5000 /套,https://www.hc360.com/m6/M01/80/BE/wKhQoWGLKxyETLCCAAAAAKtnexQ078.jpg..220x220a.jpg
